dest_ip,dest_port
103.188.168.75,3125
72.221.232.152,4145
185.132.1.221,4145
176.74.193.6,36918
206.123.156.233,9056
165.225.72.38,11996
8.211.200.183,80
87.106.120.212,3128
138.59.11.192,999
185.130.219.10,4153
206.123.156.211,4281
92.53.64.224,9050
195.158.8.123,3128
115.127.0.158,1080
141.98.153.86,80
5.161.50.82,8118
186.208.81.214,3129
166.88.238.206,6186
65.108.159.129,8081
24.37.245.42,51056
206.123.156.233,4565
181.129.62.2,47377
8.221.138.111,10002
206.123.156.221,5173
72.210.252.134,46164
176.97.192.158,1083
209.250.236.237,1080
45.156.223.57,3128
209.141.58.213,5556
84.247.171.137,3128
8.213.222.157,3128
145.223.54.80,6045
184.181.217.220,4145
206.123.156.211,6237
111.68.0.98,1080
45.238.20.210,999
103.180.123.111,1080
206.123.156.227,6905
199.116.112.6,4145
82.206.131.58,10801
210.48.237.116,8080
103.159.219.50,5678
119.148.51.30,22122
79.121.102.227,8080
206.42.51.78,4153
159.224.243.185,61303
206.123.156.211,8978
91.196.35.45,1080
1.9.167.35,60489
181.214.39.73,5719
206.123.156.223,4603
206.123.156.211,11426
43.135.172.174,9050
103.243.238.241,11011
8.213.195.191,9080
206.123.156.209,4972
8.210.17.35,5060
206.123.156.223,4153
206.123.156.231,12551
103.137.84.17,83
64.176.82.76,1080
206.123.156.235,10617
103.102.141.40,4145
206.123.156.233,10891
64.227.106.157,80
104.239.104.151,6375
119.194.72.67,80
103.168.44.101,8080
31.179.162.78,4153
203.205.29.108,5678
23.133.196.9,9000
5.255.113.177,1080
206.123.156.231,4268
58.18.39.58,10800
170.155.2.119,80
45.131.176.58,8888
8.213.197.208,6379
218.3.253.238,10800
154.6.121.38,6005
206.123.156.238,4237
69.58.12.244,8249
206.123.156.233,4549
206.123.156.211,5411
1.10.141.115,8080
91.233.223.147,3128
161.97.79.227,9050
192.111.134.10,4145
206.123.156.238,4738
129.151.128.225,1080
110.49.11.50,8080
190.69.157.213,999
206.123.156.240,27400
152.228.212.223,29272
103.43.128.123,5678
206.123.156.223,8013
216.74.118.102,6257
192.111.135.18,18301
192.198.117.60,7653
181.209.106.188,1080
94.68.245.147,8080
206.166.251.136,9100
120.133.82.62,44249
45.156.223.56,3128
113.160.132.26,8080
129.205.244.158,1080
206.123.156.209,13113
62.171.132.27,39536
103.249.134.225,1080
205.209.64.21,8080
205.185.126.15,5556
45.198.20.173,8080
206.123.156.222,21445
8.209.96.245,8080
206.123.156.234,7610
190.58.248.86,80
185.14.47.52,16088
91.107.182.124,82
154.236.191.44,1981
95.183.140.89,80
67.227.37.87,5629
8.211.200.183,6379
102.68.79.50,8080
206.123.156.206,4367
212.12.17.83,1080
206.123.156.243,9065
206.123.156.225,8696
45.185.162.203,999
103.206.68.241,1080
188.215.5.94,5124
194.28.91.10,5678
206.123.156.224,9540
202.62.50.8,1080
206.123.156.232,8123
8.210.17.35,9098
206.123.156.236,5980
176.12.65.24,443
51.75.126.150,57328
206.123.156.234,8686
46.161.4.163,3128
91.103.29.150,3629
206.123.156.211,19910
181.209.106.186,1080
202.179.72.138,51951
96.70.52.227,48324
47.91.120.190,55443
78.188.81.57,8080
138.201.36.238,8881
205.185.116.159,5556
190.144.224.182,44550
103.197.242.95,1080
179.1.230.58,8080
202.51.179.105,3629
103.140.205.201,1080
5.133.219.4,63434
206.123.156.210,12460
46.47.197.210,3128
91.107.182.124,84
171.248.208.145,1080
207.244.248.97,80
38.52.178.255,999
198.105.122.186,6759
201.91.248.67,20183
133.232.90.126,80
45.70.188.10,4153
206.123.156.219,4746
220.158.233.26,1080
206.123.156.222,4700
202.137.144.228,8080
103.156.96.67,8088
5.78.45.148,8080
45.43.70.84,6371
192.111.135.17,18302
23.95.250.207,6480
63.151.67.7,8080
50.199.46.20,32100
103.184.67.115,8181
103.161.130.157,8080
8.215.3.250,104
152.32.148.233,3128
91.247.250.215,4145
39.102.214.208,8008
165.225.72.38,11723
49.0.2.166,8080
8.210.17.35,119
196.202.210.35,32650
115.127.62.50,1088
195.25.20.155,3128
190.210.62.131,8080
152.70.237.238,3128
149.129.255.179,8443
8.211.194.85,45
206.123.156.220,5441
125.66.165.154,7302
103.210.57.243,80
107.152.98.5,4145
199.102.106.94,4145
41.190.152.130,4673
64.64.118.103,6686
147.45.216.35,9443
212.126.5.245,42344
206.123.156.223,20174
24.156.198.241,8080
206.123.156.222,6282
52.88.105.39,80
142.54.239.1,4145
45.250.215.8,8080
198.105.100.91,6342
178.44.99.38,8080
213.226.126.100,1080
206.123.156.210,10948
115.127.31.66,8080
150.129.115.253,6667
5.160.103.246,8080
195.138.72.170,8080
162.55.91.21,9080
206.123.156.231,7308
185.244.208.193,37430
213.155.11.237,1080
206.123.156.222,10004
171.227.36.108,4013
185.21.141.238,1080
187.19.127.180,4153
206.123.156.212,5233
177.136.86.229,999
8.215.25.3,2080
8.219.97.248,80
206.123.156.206,8689
206.123.156.231,5194
218.252.192.228,80
206.123.156.225,9767
62.89.31.216,3629
157.90.183.51,5555
66.29.128.241,12795
49.0.88.27,8080
213.165.43.73,46650
201.158.15.134,35010
206.123.156.223,4003
192.111.137.34,18765
193.200.151.69,32777
178.18.245.90,29910
103.48.68.18,83
190.54.100.74,5678
165.225.72.38,12029
1.212.157.114,4145
184.181.217.213,4145
187.190.58.124,8080
79.111.13.155,50625
187.94.222.170,3128
157.66.3.34,1111
77.222.58.239,13231
206.123.156.227,4184
206.123.156.224,6747
43.163.127.208,1080
208.96.138.86,29183
196.219.64.252,8080
103.138.144.202,1999
190.15.210.143,33333
195.39.233.14,44567
103.74.144.5,80
200.35.34.134,999
206.123.156.211,5464
64.64.118.247,6830
103.174.150.58,1080
206.123.156.238,10855
86.38.236.187,6471
31.59.33.140,6716
37.59.50.81,5055
92.46.70.174,1080
166.88.3.168,6639
103.151.20.131,80
103.161.131.110,8080
93.123.30.53,1080
199.102.107.145,4145
8.211.200.183,1234
36.50.232.226,1080
8.213.128.6,8499
103.41.33.169,51951
176.12.74.0,1080
8.213.156.191,12000
138.117.86.152,999
187.32.20.249,5678
206.123.156.213,17519
206.123.156.211,6221
198.105.100.249,6500
39.102.211.64,9098
72.195.34.58,4145
185.216.105.184,6761
5.78.86.6,8080
206.123.156.213,7263
157.10.97.12,1080
159.195.49.27,8888
206.123.156.233,9095
206.123.156.211,5845
199.58.185.9,4145
64.176.6.165,13920
206.123.156.236,19894
41.33.203.115,1982
134.249.86.47,8080
5.182.26.129,4145
178.128.243.121,3128
166.88.224.103,6001
80.55.169.2,8080
185.125.230.19,1080
38.127.172.8,37234
165.225.72.38,10335
193.239.86.180,80
192.145.228.211,8082
45.76.104.16,1080
5.255.103.55,1080
45.61.124.16,6345
184.178.172.25,15291
47.91.109.17,1000
131.161.68.41,35944
206.123.156.230,7840
212.48.134.145,1080
77.233.5.68,55443
186.216.208.98,3128
72.221.171.130,4145
177.136.124.46,56113
152.53.144.223,1080
178.251.111.19,8080
200.52.153.194,5678
62.133.62.17,1082
109.248.236.150,9898
47.91.89.3,8080
176.111.37.5,39811
114.4.241.210,5678
47.238.128.246,9200
220.158.234.84,1080
206.123.156.234,8357
103.70.145.139,5678
110.235.246.62,1080
160.238.65.2,3128
45.43.70.78,6365
51.38.155.24,46069
186.219.215.147,4153
162.220.246.101,6385
206.123.156.212,4366
110.77.149.50,5678
207.254.71.62,8088
206.123.156.230,4486
138.124.125.198,3128
89.237.32.66,37647
206.123.156.236,8157
203.189.135.105,1080
197.221.240.176,80
43.159.198.87,7890
88.99.82.67,443
179.61.166.143,6566
206.123.156.232,4069
47.251.73.54,9050
206.123.156.220,8794
103.162.16.45,8080
8.210.17.35,9080
50.199.32.226,8080
8.210.223.21,80
213.7.196.26,4153
51.158.124.167,16379
91.208.104.147,8888
104.194.148.188,3128
103.151.17.201,8080
8.213.134.213,20002
206.123.156.223,10286
117.4.107.199,51796
61.158.175.38,9002
31.59.20.178,6756
5.75.255.202,8080
8.142.3.145,3306
206.123.156.234,7858
115.133.22.97,6666
206.123.156.209,8942
103.81.104.53,9090
58.229.240.204,9050
206.123.156.219,4447
201.221.134.74,5678
60.217.64.237,35292
199.187.210.54,4145
116.50.169.6,8088
51.158.108.134,16379
39.102.210.176,6379
103.160.201.26,1080
47.119.20.8,8081
197.221.240.246,80
177.52.25.34,1080
206.123.156.219,4441
65.109.87.121,18080
165.225.72.38,10470
160.238.65.7,3128
206.123.156.234,4674
115.147.16.205,5050
206.123.156.222,10318
185.51.92.108,51327
103.156.96.240,8088
200.8.200.191,8088
181.229.38.117,5678
45.188.166.50,1994
206.123.156.224,4646
8.213.134.213,50
102.68.128.218,8080
201.186.41.170,999
184.178.172.18,15280
64.225.4.85,9997
47.88.48.185,1080
67.201.33.10,25283
103.112.234.33,5678
203.3.112.2,6666
45.234.100.102,1080
206.123.156.223,6081
8.221.141.88,5006
173.214.176.217,6188
181.119.84.219,8080
81.134.57.82,3128
206.123.156.220,4079
104.249.55.86,6454
206.123.156.236,7317
217.52.247.77,1976
103.122.142.174,8080
45.135.139.5,6308
84.52.125.113,8082
115.21.99.135,4145
146.235.227.201,9150
190.130.6.11,8080
84.36.35.206,1974
206.123.156.232,13460
206.123.156.238,4833
206.123.156.213,7053
160.16.105.145,8080
89.116.78.55,5666
206.123.156.227,5544
45.144.49.156,1080
213.188.215.27,1080
185.190.90.2,4145
202.40.190.154,10888
105.214.82.133,5678
47.74.46.81,1000
206.123.156.222,4764
109.232.106.150,52435
181.41.218.47,5633
203.142.74.115,8080
213.178.39.170,8080
62.193.108.140,1981
124.40.246.210,8080
46.4.75.218,20000
8.211.195.139,4145
103.27.78.155,5555
85.238.74.91,8080
206.123.156.223,6027
206.123.156.220,4469
198.105.100.67,6318
206.123.156.234,7992
67.225.243.221,63809
72.195.34.41,4145
206.123.156.222,6718
89.40.233.13,1080
206.123.156.243,7748
192.252.209.155,14455
98.162.25.23,4145
202.181.126.200,8118
85.234.100.149,8080
208.87.201.22,1080
38.60.250.200,80
154.236.179.229,1981
206.123.156.223,8862
47.90.167.27,6379
194.59.204.87,9080
206.123.156.222,9306
112.198.179.67,8080
103.84.176.99,8083
206.123.156.233,4751
104.238.38.132,6400
178.220.148.82,10801
103.174.178.133,1020
154.113.172.58,5678
206.206.118.208,6446
181.214.39.51,5719
205.185.120.241,5556
157.230.62.174,1080
166.62.53.45,45842
116.118.98.26,5678
107.181.148.85,5945
184.178.172.3,4145
103.106.112.166,1234
119.235.49.121,4153
177.104.87.23,5678
146.103.110.73,1080
206.123.156.230,4290
41.174.132.82,5678
202.51.190.202,8080
82.148.13.136,80
165.225.72.38,10241
154.9.30.1,50000
1.179.147.5,52210
181.49.22.141,1080
89.151.134.157,3629
202.62.37.63,1080
72.210.221.223,4145
186.26.95.249,61445
202.137.141.212,5678
37.131.164.124,59341
206.123.156.211,5707
98.162.25.4,31654
206.123.156.224,15785
223.25.109.163,8199
212.34.116.58,4145
45.150.23.225,6695
139.59.14.115,33292
39.170.85.129,7302
206.123.156.238,6485
204.93.169.232,60755
131.100.19.5,4321
206.123.156.213,4575
103.36.11.18,8199
192.177.103.249,6742
206.123.156.229,10929
69.164.203.147,8080
51.81.6.158,3128
163.53.18.10,8234
176.236.37.132,1080
197.156.243.134,33333
206.123.156.231,7178
206.123.156.234,6496
103.51.153.82,80
206.123.156.218,9242
125.228.94.199,4145
8.211.194.78,1080
8.215.12.103,8009
211.21.125.32,4153
141.148.200.249,1080
202.137.134.160,8088
8.211.200.183,6969
8.218.69.5,8000
206.123.156.225,10692
206.123.156.231,11127
217.60.63.215,1080
67.227.112.108,6148
134.209.29.120,3128
206.123.156.240,8022
206.123.156.225,8977
8.215.3.250,8443
152.70.107.226,1080
67.227.14.144,6736
187.210.136.88,4153
103.141.70.48,8080
61.49.87.3,80
88.119.49.4,4153
103.242.105.199,8199
37.235.20.148,8080
206.123.156.213,9945
206.123.156.210,8141
177.93.49.170,8888
45.86.155.139,9100
206.123.156.220,6123
206.123.156.227,6541
206.123.156.231,7464
206.123.156.235,4731
206.123.156.236,7136
165.225.72.38,11411
165.225.72.38,11098
200.227.89.50,3128
83.143.24.29,5678
98.182.147.97,4145
148.224.14.179,999
203.142.5.91,999
103.153.246.142,8181
8.213.195.191,8080
67.227.112.71,6111
50.232.250.157,8080
39.102.208.149,8090
201.93.159.234,4145
14.241.182.44,5678
103.151.177.221,8080
184.170.248.5,4145
91.107.228.234,1052
47.88.16.13,13579
142.111.239.240,5818
206.123.156.211,20000
135.125.154.101,8899
205.240.77.164,4145
36.255.86.115,83
213.145.137.102,37447
206.123.156.233,11366
198.12.112.202,5213
103.179.252.74,3128
206.123.156.225,5778
107.175.44.109,1080
46.23.141.142,5678
107.150.1.250,9050
206.123.156.238,23530
206.123.156.210,11833
102.0.21.148,8080
149.126.101.162,8080
206.123.156.227,6256
179.228.241.22,8080
181.209.105.156,8080
206.123.156.218,4153
51.15.196.107,16379
190.228.33.42,1085
177.93.39.75,999
206.123.156.238,5028
172.104.107.194,8080
43.135.135.136,9050
171.244.68.28,5678
8.213.222.247,666
45.40.136.39,45741
194.190.169.197,3701
206.123.156.231,4156
103.76.149.67,8080
206.123.156.219,4318
46.62.214.3,1080
8.220.204.215,4145
8.211.42.167,81
109.238.14.123,52663
206.123.156.220,9705
206.123.156.227,6769
206.123.156.219,5535
72.210.252.137,4145
8.221.141.88,8443
206.123.156.224,9465
43.242.227.10,9051
45.188.167.25,999
185.235.16.12,80
165.154.236.174,80
198.89.91.42,5678
206.123.156.230,5765
5.78.85.29,8080
179.1.110.77,5678
52.79.107.158,8080
75.69.184.112,80
206.123.156.213,7969
206.123.156.234,7260
200.122.92.211,5678
202.4.117.136,12321
46.101.49.62,80
177.93.48.137,999
167.71.241.136,33299
124.122.115.165,8080
203.210.235.91,5678
206.123.156.233,31347
154.6.129.231,5701
43.106.60.21,1080
115.127.95.82,8080
45.43.64.175,6433
213.207.198.254,8080
88.99.148.60,8111
5.2.238.216,8787
41.74.91.244,80
206.123.156.209,4093
157.230.1.108,14070
77.221.149.55,3128
206.123.156.236,8386
104.143.226.80,5683
219.93.101.60,80
178.104.242.12,9050
177.234.211.63,999
206.123.156.211,4144
91.233.169.23,8081
112.198.22.122,80
170.238.38.15,8080
187.60.67.218,5678
220.158.232.118,1080
184.174.25.53,5942
104.232.209.254,6212
82.137.90.253,80
144.31.189.114,1080
103.170.185.226,80
8.215.3.250,8080
170.244.64.198,31476
45.143.94.111,1080
142.54.229.249,4145
103.171.255.108,8080
107.175.119.224,6752
206.123.156.211,7123
203.76.98.21,45958
88.218.206.170,5432
167.71.228.152,29206
206.123.156.227,11746
129.226.152.29,20000
188.235.21.247,8080
206.123.156.223,8234
206.123.156.220,11328
206.123.156.213,5650
184.178.172.11,4145
183.87.160.62,82
139.162.68.241,1080
206.123.156.225,4648
36.92.87.73,5678
47.76.153.11,1011
131.222.251.134,8080
103.38.103.18,1080
38.127.179.114,37234
206.123.156.223,8313
206.123.156.225,10951
206.123.156.211,18660
123.203.124.54,8080
103.154.152.104,8090
89.41.106.8,4145
2.139.38.192,3128
103.227.187.177,6090
206.123.156.220,12951
206.123.156.223,7184
206.123.156.221,9767
106.14.104.220,8080
8.211.51.115,9080
103.118.224.19,5678
190.128.228.182,80
185.88.101.232,1080
202.40.186.70,1080
176.114.199.202,1080
172.245.7.81,5134
37.44.238.2,60796
206.123.156.224,10492
101.2.166.41,1080
47.88.94.79,1080
103.143.116.44,35010
206.189.144.164,10808
101.66.198.61,8085
41.220.16.209,80
1.179.199.130,33333
123.58.199.232,8168
177.234.217.236,999
206.123.156.225,10640
185.133.213.86,8074
151.237.86.78,8080
1.179.148.9,55636
186.26.92.233,58339
65.108.203.35,28080
196.207.24.222,8080
47.89.184.18,3128
185.86.5.162,8975
103.169.255.194,1080
82.130.202.219,43429
184.178.172.23,4145
129.226.92.241,80
70.35.196.194,8087
161.97.129.202,9060
142.54.236.97,4145
206.123.156.235,7379
206.123.156.233,4236
174.64.199.82,4145
203.189.154.151,1080
107.181.154.130,5808
206.123.156.225,7395
125.141.133.98,5566
65.108.203.36,18080
103.88.221.194,46450
206.123.156.222,15071
8.209.96.245,5060
107.181.161.81,4145
47.242.243.198,2233
195.130.115.208,33333
8.211.194.78,1081
8.211.200.183,8080
47.238.60.156,88
206.123.156.234,4212
206.123.156.231,10638
179.48.80.9,8085
8.220.204.92,18080
183.215.23.242,9091
186.103.133.91,5678
206.123.156.227,13089
103.121.120.242,1080
123.202.159.108,80
51.15.240.207,16379
66.42.34.255,1080
206.123.156.231,6454
181.48.243.194,4153
170.82.194.134,3128
136.0.194.212,6949
194.58.33.7,9564
206.123.156.236,18754
217.69.121.90,5755
8.211.42.167,8083
206.123.156.224,5923
47.242.3.214,8081
82.24.238.91,6898
132.255.23.183,999
178.17.52.33,1080
38.191.194.27,999
181.48.70.30,4153
206.123.156.231,5838
5.78.78.69,8080
177.91.255.35,5678
181.143.181.35,8080
206.123.156.225,4293
110.78.148.57,4145
103.41.32.250,51951
206.123.156.220,11064
211.43.214.205,80
45.186.209.68,999
195.58.31.41,1080
206.123.156.238,13541
38.10.90.133,8084
117.74.125.14,1133
184.170.249.65,4145
199.182.135.85,3128
108.170.12.13,80
194.164.125.208,57422
206.123.156.222,11249
176.88.55.195,8080
138.201.198.53,80
104.200.135.46,4145
159.192.97.129,5678
5.45.127.203,9090
103.234.35.159,8080
206.123.156.231,9337
137.59.47.73,3128
206.123.156.229,4045
187.49.207.65,4153
149.57.17.43,5511
206.123.156.211,8293
8.220.204.92,4145
8.211.195.139,8008
189.251.57.109,999
85.237.51.73,4145
160.191.192.45,8090
35.189.183.169,3128
177.22.250.160,8080
195.138.65.34,5678
5.133.193.54,45803
103.97.94.22,4153
206.123.156.233,5653
183.88.212.247,1080
107.181.148.102,5962
195.62.50.20,8080
206.123.156.223,4032
191.7.208.87,8080
198.105.122.64,6637
206.123.156.223,4665
185.34.17.72,60606
206.123.156.223,4038
115.127.87.245,10800
41.184.92.220,80
206.123.156.223,4738
206.123.156.231,9146
103.189.223.38,8080
183.182.102.135,5678
8.220.205.172,3128
102.0.18.198,8080
167.235.231.57,80
192.158.15.201,50877
103.42.202.190,1080
103.11.99.126,8080
206.123.156.231,8056
124.41.240.203,37704
206.123.156.224,8681
155.50.221.97,3128
206.123.156.233,11134
206.123.156.213,11528
206.123.156.221,8637
206.123.156.230,7361
62.54.177.118,3128
85.237.207.49,50161
187.204.126.28,8081
213.249.123.18,1080
206.123.156.211,7176
8.211.42.167,25565
206.123.156.225,5294
213.16.81.182,35559
206.123.156.227,6713
107.174.194.207,5649
185.226.207.156,5705
8.209.96.245,3128
86.38.236.16,6300
84.214.150.146,8080
103.60.214.18,51754
123.200.7.110,8080
206.123.156.224,5925
177.23.156.1,18800
206.123.156.230,5377
206.123.156.238,9090
206.123.156.227,9460
206.123.156.219,8304
23.175.248.21,1080
61.7.137.128,8080
206.123.156.238,9517
184.170.245.148,4145
173.211.8.216,6328
103.97.224.239,8841
183.89.102.70,8080
112.2.21.18,51080
194.14.207.87,80
183.110.216.128,8090
194.177.28.66,10808
103.197.242.106,1080
202.4.125.221,1088
206.123.156.227,5746
206.123.156.210,5462
206.123.156.220,5798
206.123.156.219,9900
206.123.156.224,8977
47.86.42.224,1011
103.148.39.50,82
206.123.156.212,11694
103.224.55.153,8090
149.28.230.104,1080
45.135.139.95,6398
173.212.245.136,8888
95.31.42.199,3629
103.153.63.150,8080
206.123.156.221,5165
102.220.13.208,8080
8.211.200.183,85
185.243.241.82,1081
45.249.79.190,3629
189.222.40.79,999
20.187.77.5,80
8.211.194.78,8008
201.159.113.25,1994
142.111.93.174,6735
67.227.36.106,6148
46.214.153.223,5678
46.109.146.244,4145
80.253.246.238,6618
78.134.20.48,8080
91.203.114.71,42905
210.148.141.4,8080
206.123.156.223,8109
91.247.92.63,5678
58.69.201.117,8082
14.241.241.185,4145
37.26.86.206,4145
194.1.232.150,33333
170.246.198.24,5678
147.45.76.207,8080
8.219.70.174,443
149.57.11.17,8181
206.123.156.233,7671
67.227.37.253,5795
179.27.86.36,4153
206.123.156.213,4174
206.123.156.238,5872
206.123.156.230,6019
206.123.156.222,5838
113.161.145.229,4153
107.172.116.162,5618
197.221.234.253,80
206.123.156.221,15709
45.231.220.67,999
118.99.87.160,3128
212.112.127.20,8080
188.93.213.242,1080
145.223.58.42,6311
176.9.238.173,47679
206.123.156.234,8348
47.251.74.38,199
82.69.16.184,80
206.123.156.221,5034
206.123.156.222,4560
155.212.133.136,1080
72.195.114.169,4145
74.119.144.60,4145
47.238.134.126,80
193.176.242.186,80
103.150.110.202,9969
51.158.105.157,16379
190.54.12.74,5678
206.123.156.233,11672
206.123.156.235,4187
178.151.134.232,5678
206.123.156.224,8885
178.35.177.242,3629
206.123.156.211,6209
154.6.116.178,6147
103.125.154.1,8080
206.123.156.227,10580
104.248.225.143,1352
188.134.1.49,3629
185.120.201.27,8080
191.7.208.101,31576
66.231.77.136,8080
183.89.250.246,1080
8.221.141.88,1200
194.1.250.56,8080
103.194.88.226,1080
8.212.165.164,8080
41.220.22.7,80
206.123.156.227,10847
200.115.157.211,4145
192.111.130.2,4145
170.81.243.62,999
185.245.183.130,8118
8.221.141.88,8010
13.114.160.78,80
199.102.105.242,4145
103.134.242.161,8080
206.123.156.238,5678
138.124.110.211,3128
206.123.156.225,7505
181.39.24.152,999
160.19.18.29,8080
103.165.155.52,1111
118.174.47.182,4145
41.242.116.150,50000
8.221.141.88,1527
206.123.156.224,4931
168.196.126.226,999
78.31.93.76,1080
8.218.210.54,80
162.243.55.75,1080
103.17.213.102,8080
47.76.144.139,8118
206.123.156.233,10461
129.126.65.78,4153
185.51.92.84,51327
195.9.238.36,8080
192.252.220.92,17328
39.102.208.23,8008
184.174.126.44,6336
159.54.148.142,1080
139.177.183.22,8080
177.234.192.45,32213
1.179.148.9,36476
27.131.14.9,8812
181.236.221.138,4145
61.130.151.230,7302
195.154.252.164,3128
206.123.156.238,5158
47.252.18.37,100
203.202.253.186,58309
206.123.156.219,5793
206.123.156.227,4435
45.56.174.197,6450
209.159.153.21,46234
144.124.233.244,9024
147.45.170.190,1080
171.247.186.57,8080
103.219.163.246,1080
94.253.95.241,3629
119.93.129.34,80
51.38.32.142,46627
89.42.197.84,60606
142.93.98.224,1080
103.251.223.63,6042
165.225.72.38,10791
206.123.156.222,9622
8.213.156.191,10000
190.14.5.164,5678
206.123.156.230,4214
185.226.113.180,38030
190.217.105.194,8080
41.65.236.37,1981
68.233.127.229,1080
72.223.188.92,4145
64.118.133.12,1234
91.238.103.65,80
186.190.228.83,4153
77.225.177.14,10801
102.176.178.66,4145
206.123.156.219,11866
184.178.172.14,4145
103.37.82.134,39873
101.200.158.109,3128
159.65.245.255,80
8.213.222.247,8443
206.123.156.224,4359
188.93.64.242,4153
152.67.99.80,80
198.199.86.11,3128
135.125.154.103,8899
107.181.168.145,4145
180.191.255.109,8080
189.39.118.210,5678
31.58.18.93,6362
167.172.124.69,1080
45.65.137.218,999
178.128.204.238,1080
38.194.245.215,3128
47.76.149.237,1011
104.249.55.230,6598
206.123.156.235,7926
170.64.170.204,1080
47.91.89.3,3128
213.82.87.21,443
187.141.129.86,4153
148.72.177.90,8228
206.123.156.229,18433
216.215.123.174,8080
206.123.156.210,5549
206.123.156.238,13073
148.81.121.5,8080
103.139.246.166,5678
122.54.166.184,8082
12.158.87.26,39593
103.229.14.82,8080
111.79.111.126,3128
103.112.131.14,8080
103.171.83.49,8080
103.134.239.210,5678
124.90.45.58,10800
131.221.233.11,4153
47.251.87.199,2002
206.123.156.221,10014
31.59.20.245,6823
72.37.217.3,4145
107.174.194.26,5468
206.123.156.224,8740
206.123.156.225,7339
206.123.156.225,4280
8.220.205.172,45
169.239.85.121,8080
38.75.82.218,999
61.9.32.142,58765
112.198.146.94,8082
198.105.100.6,6257
8.215.12.103,1081
195.62.50.12,8080
65.109.179.84,8443
92.118.112.25,1082
142.54.232.6,4145
206.123.156.240,8792
206.123.156.210,9433
98.188.47.150,4145
205.185.126.51,5556
14.224.194.181,2080
8.221.139.222,8085
176.241.82.149,5678
206.123.156.224,10743
206.123.156.238,4049
54.153.56.243,80
36.95.39.122,1080
89.32.230.43,4145
5.75.168.247,8061
122.116.180.77,8080
206.123.156.236,9943
206.123.156.224,10806
103.80.118.33,8080
206.123.156.213,6039
165.225.72.38,10058
190.124.166.227,999
206.123.156.233,4741
206.123.156.212,9744
41.33.142.181,1976
206.123.156.227,6623
45.228.151.157,1088
213.165.185.211,4153
82.65.27.56,80
216.39.248.155,33333
216.74.115.107,6701
62.60.149.161,1080
91.203.179.72,65056
138.2.216.186,1080
138.121.113.179,999
206.123.156.220,4599
27.131.14.9,1088
178.47.142.219,1080
103.210.22.17,3128
190.128.131.126,8080
195.62.50.2,8080
64.181.246.100,3128
206.123.156.231,12931
165.16.27.43,1981
144.31.215.191,1080
8.211.195.173,1080
206.123.156.211,13784
8.211.49.86,80
174.77.111.197,4145
52.58.90.91,80
41.220.16.208,80
220.197.44.36,3128
206.123.156.223,5199
206.123.156.231,5681
197.221.249.198,80
8.220.204.215,8443
185.135.69.34,80
201.234.24.1,4153
8.211.42.167,80
206.123.156.218,8995
115.127.83.142,1088
64.227.108.25,31908
206.123.156.219,5815
47.90.149.238,3128
206.123.156.231,10761
206.123.156.231,5531
206.123.156.213,6387
161.49.116.131,1338
206.123.156.219,4201
69.27.14.138,43014
154.6.87.230,6700
2.78.60.10,3129
206.123.156.224,6600
206.123.156.220,9150
47.74.46.81,9080
71.19.249.97,8443
5.75.168.247,8053
206.123.156.211,4758
206.123.156.224,10584
70.166.167.55,57745
58.75.126.235,4145
51.68.124.241,80
174.138.62.182,43715
144.79.94.27,8181
92.255.205.129,8080
172.104.174.116,1080
206.123.156.218,4593
8.213.195.191,5060
110.49.66.210,8080
206.123.156.213,10376
206.123.156.234,7479
8.221.139.222,80
185.43.249.148,39316
103.140.234.38,8080
186.33.5.13,8080
8.220.204.92,8008
72.206.181.97,64943
64.225.42.129,3000
12.50.107.219,80
177.125.208.126,8080
46.249.100.124,80
125.141.139.112,5566
103.66.176.45,32251
165.225.72.38,10351
45.225.185.63,999
45.150.23.149,6619
159.65.166.126,8118
206.123.156.220,9626
8.213.156.191,8080
92.45.19.35,5678
206.123.156.222,5572
194.233.78.142,42495
192.252.215.5,16137
206.123.156.236,4318
77.34.77.97,4145
149.28.87.103,8888
206.123.156.230,8019
46.227.36.152,1080
43.251.117.226,45787
62.193.108.138,1976
103.157.219.4,80
103.134.27.129,8080
47.237.113.119,16010
14.102.70.89,8080
212.46.242.185,1080
47.121.182.88,9098
45.127.250.62,5671
31.59.20.186,6764
172.120.106.174,6329
206.123.156.233,10535
149.104.4.88,10809
178.207.8.20,3128
46.37.193.234,33333
206.123.156.227,5196
80.78.74.66,65530
130.61.117.184,8888
117.141.96.35,4145
103.72.89.22,8097
115.85.74.114,5678
199.102.104.70,4145
188.226.89.87,8080
206.123.156.206,10182
23.236.247.254,8286
78.47.244.211,8080
23.27.93.159,5738
67.227.37.47,5589
167.71.250.32,43965
206.123.156.223,4279
81.18.90.43,4153
103.146.26.31,5678
190.216.56.1,4153
206.123.156.220,11278
23.94.136.184,1080
103.146.137.81,1081
102.141.30.2,33333
103.102.141.39,4145
98.182.171.161,4145
8.215.15.163,80
202.131.235.138,4153
199.58.184.97,4145
38.188.48.65,8080
72.214.108.67,4145
152.53.137.180,1081
182.53.96.56,4145
102.216.69.176,8080
36.64.5.162,5678
206.123.156.233,10093
2.26.87.216,1080
134.209.188.167,443
109.75.42.82,3629
206.123.156.211,9264
163.172.161.35,16379
206.123.156.223,4594
206.123.156.224,15823
206.123.156.223,4639
95.188.82.147,3629
51.15.210.79,16379
209.141.44.241,1080
8.130.54.67,4000
13.215.176.57,9090
47.238.60.156,8443
117.175.168.195,1080
206.123.156.236,29736
125.129.15.95,3128
190.94.213.80,999
111.68.0.102,1080
154.236.189.10,1974
206.123.156.234,14384
118.70.151.55,1080
119.46.2.245,4145
104.239.13.22,6651
8.213.197.208,8888
206.123.156.222,5788
203.194.21.241,4153
103.227.224.96,50161
206.123.156.223,7083
168.245.197.146,80
92.119.164.84,1082
83.219.145.108,3128
192.177.87.82,5928
8.130.74.114,9098
206.123.156.231,7934
206.123.156.222,10910
206.123.156.218,5508
206.123.156.211,4754
8.211.195.139,1000
118.179.151.57,5020
89.237.34.190,37647
192.252.208.70,14282
8.213.195.191,3128
91.107.182.124,83
5.255.99.71,3128
206.123.156.210,5576
176.235.182.84,1080
41.70.106.1,5678
43.167.167.94,8118
3.137.86.220,443
103.149.130.38,80
8.211.195.173,992
82.147.123.185,10808
190.145.37.2,65409
174.64.199.79,4145
80.63.107.90,4153
206.123.156.211,6057
181.225.73.104,999
8.211.194.85,193
206.123.156.231,8189
66.175.236.184,2080
191.96.202.252,6298
206.123.156.233,10291
188.166.249.234,3128
197.248.75.221,8105
1.4.214.178,8080
45.178.133.60,999
206.123.156.209,6366
64.49.67.166,5678
156.245.146.183,3129
203.99.240.182,80
206.123.156.233,4596
106.14.104.220,5060
78.135.105.217,50504
206.123.156.231,5501
206.123.156.222,8667
206.123.156.231,6669
155.254.9.2,36510
47.251.74.38,161
109.224.242.21,8080
206.123.156.211,4858
206.123.156.222,7755
43.167.245.99,3128
185.216.105.113,6690
45.232.152.2,8080
170.83.242.250,999
206.123.156.234,4561
46.8.112.212,3128
103.127.23.10,5678
45.87.247.143,80
27.72.104.89,8080
198.105.100.227,6478
195.9.146.246,3629
83.56.15.57,5678
103.86.1.41,4145
206.123.156.243,6033
213.230.121.41,1080
162.220.246.66,6350
5.78.79.193,8080
103.222.255.195,8080
206.123.156.213,4651
206.123.156.211,13482
5.202.191.225,80
8.213.134.213,20
62.133.62.17,1081
206.123.156.211,4345
149.86.206.27,8080
194.124.36.22,8080
8.210.17.35,8004
206.123.156.213,6825
152.228.145.27,8080
109.72.100.118,60606
206.123.156.225,4200
5.78.83.87,8080
202.151.163.10,1080
151.247.209.14,1080
115.127.34.26,1088
206.123.156.233,11206
8.209.255.13,3128
190.90.224.122,999
102.36.127.231,1080
47.236.177.236,1080
206.123.156.236,4605
206.123.156.209,4403
46.175.191.225,9999
206.123.156.222,6435
206.123.156.220,6896
159.69.21.0,9050
110.235.249.8,33333
190.2.145.103,3128
67.43.112.129,8080
165.225.72.38,10678
181.143.207.10,33333
206.123.156.224,7211
176.99.134.183,8090
206.123.156.211,4903
206.123.156.223,4663
188.34.156.119,8080
179.49.117.20,999
46.10.208.106,8192
72.223.188.67,4145
47.109.110.10,3128
206.123.156.227,5933
206.123.156.211,18558
162.144.74.156,3620
206.123.156.220,8099
206.123.156.223,5146
206.123.156.213,7122
162.240.76.92,80
206.123.156.238,4817
190.131.247.217,999
206.123.156.231,5641
206.123.156.236,9891
205.177.85.130,39593
91.92.208.172,8080
111.125.242.34,80
203.189.135.140,1080
217.149.98.98,4153
206.123.156.231,4168
195.46.172.190,4153
206.123.156.231,7100
212.252.39.100,8080
155.138.132.50,80
45.179.201.210,999
103.151.47.22,46889
31.220.183.217,53281
47.251.74.38,50
103.105.78.229,3125
185.30.43.65,60606
61.155.235.58,10800
154.113.17.107,5678
212.33.248.45,1080
8.221.141.88,9098
206.123.156.220,4640
192.111.139.165,4145
206.123.156.213,6954
93.113.63.11,1080
186.96.124.242,4153
20.205.16.149,3128
206.123.156.224,8940
8.221.141.88,8064
206.123.156.219,5903
119.93.123.229,4145
206.123.156.221,9439
206.123.156.236,10025
188.163.170.130,35578
165.154.7.156,8888
47.238.128.246,17
177.135.190.101,8080
206.123.156.227,6773
120.133.82.62,44145
184.182.240.12,4145
138.94.28.234,40658
206.123.156.223,8046
36.89.229.97,50540
218.26.101.226,53813
206.123.156.229,8273
206.123.156.221,4913
103.21.68.49,83
206.123.156.211,5351
45.95.232.35,3128
194.87.69.136,8989
217.182.195.221,30000
203.28.67.74,8080
192.111.139.162,4145
193.216.224.108,8192
110.232.86.221,1080
184.178.172.5,15303
194.58.33.7,3128
206.123.156.211,5041
159.203.13.121,80
206.123.156.233,5715
120.133.82.62,44071
31.28.4.192,80
103.188.174.7,8080
178.156.206.253,8118
103.51.223.133,8080
206.123.156.213,6335
31.59.33.177,6753
146.83.118.9,80
103.30.127.22,18081
65.109.87.121,28080
161.248.190.83,8080
184.178.172.13,15311
206.123.156.221,10498
50.210.166.34,80
180.191.23.221,8081
206.123.156.223,6486
8.211.195.139,4100
8.220.204.92,8080
45.166.144.2,999
45.73.0.118,5678
94.177.249.42,3128
206.123.156.230,9328
103.247.14.222,8080
131.0.245.82,60606
173.214.176.125,6096
85.214.107.177,80
187.86.153.254,30660
178.115.255.177,5678
197.155.73.82,8081
45.61.187.67,4009
206.123.156.230,5017
8.213.222.157,1080
2.57.241.24,1080
47.237.107.41,1080
45.43.64.131,6389
145.223.58.214,6483
154.29.65.21,6129
206.123.156.222,6775
206.123.156.213,4485
98.170.57.249,4145
72.56.104.252,9058
206.123.156.238,9581
157.101.165.36,80
34.239.204.118,80
47.52.223.161,5872
184.174.126.213,6505
103.169.255.205,8080
8.213.222.157,4145
116.130.233.22,3129
201.218.42.204,1994
98.162.25.7,31653
142.147.240.166,6688
181.129.74.58,30431
74.220.27.212,1080
58.84.16.214,1231
8.213.222.247,6666
64.188.77.221,1080
93.177.116.84,1080
45.181.122.74,999
154.113.17.106,5678
104.238.38.243,6511
144.124.224.140,1080
41.65.103.16,1976
95.165.163.188,36496
39.102.213.3,3128
206.123.156.220,4122
165.225.72.38,10382
38.194.250.66,999
206.123.156.223,10291
154.6.83.108,6579
38.19.41.100,999
102.39.119.71,5678
184.174.126.220,6512
206.123.156.236,6205
38.127.179.39,37234
206.123.156.236,5202
206.123.156.221,7217
181.188.206.32,999
8.213.222.157,6379
52.140.3.27,3333
139.59.225.188,12827
206.123.156.233,7030
200.105.252.170,5678
120.92.212.16,7890
45.168.244.16,1080
45.179.246.65,999
131.255.227.104,3128
103.189.250.47,8080
129.205.244.185,5678
103.97.140.17,8080
199.47.241.120,9051
206.123.156.233,4775
62.133.62.12,1081
69.94.136.71,8443
141.95.127.15,3128
49.254.32.54,8001
201.157.235.197,8080
94.102.235.131,32650
181.209.125.189,999
38.50.130.93,5678
206.123.156.227,11096
94.21.216.125,9999
31.57.41.125,5701
181.16.201.37,80
8.213.128.6,3129
108.170.12.12,80
216.74.115.243,6837
206.123.156.223,4005
47.89.159.212,13
206.123.156.211,4388
136.233.136.41,48976
206.123.156.225,11687
206.123.156.221,4500
196.223.129.21,80
23.133.196.12,9000
196.1.95.124,80
50.114.93.21,6005
218.41.170.110,20000
46.17.99.217,1080
206.123.156.224,10189
98.191.0.47,4145
185.61.38.140,1080
206.123.156.236,8647
206.123.156.224,4441
184.95.235.194,1080
142.54.226.214,4145
206.123.156.223,6058
154.201.95.129,1080
185.128.240.2,3128
184.178.172.26,4145
181.78.20.11,999
185.172.214.189,8080
83.171.224.165,8080
206.123.156.236,5523
182.16.171.65,51459
45.167.124.49,999
165.225.72.38,11096
210.245.51.76,4145
182.93.75.162,1080
162.220.246.78,6362
65.169.38.73,26592
179.43.96.178,8080
206.123.156.227,11000
159.65.144.65,15302
47.254.36.213,3001
161.248.202.10,1080
222.252.14.70,8443
177.93.49.171,8888
36.95.189.165,5678
213.169.33.7,8001
175.101.240.38,80
206.123.156.235,5777
128.199.37.92,1080
38.127.179.147,37234
83.136.88.226,3128
201.174.175.82,999
72.56.238.99,1080
124.41.240.177,52480
206.123.156.236,4864
8.211.194.85,9080
51.195.2.39,1080
51.15.223.12,16379
206.123.156.224,4326
206.123.156.234,4389
94.100.26.202,80
206.123.156.235,4261
206.123.156.238,19520
107.181.148.30,5890
206.123.156.224,9044
86.38.26.15,6180
206.123.156.225,11061
202.72.232.121,1080
47.238.128.246,8080
27.147.239.162,35010
46.188.2.42,5678
114.6.27.84,8520
47.238.60.156,9090
81.16.1.71,5678
70.166.65.160,4145
206.123.156.238,8386
103.106.231.75,8081
206.123.156.232,4696
116.237.114.4,5678
206.123.156.235,14656
43.129.80.138,18999
8.211.194.85,1081
125.25.32.228,8080
43.132.184.228,8181
206.123.156.234,10381
206.123.156.209,4963
206.123.156.219,9342
212.115.232.79,10800
31.59.33.240,6816
45.187.6.103,8080
180.191.234.124,8080
103.115.255.225,36331
92.118.132.125,8080
65.108.103.19,80
172.105.75.108,3128
8.213.215.187,41890
206.123.156.225,4239
130.49.171.75,1080
213.21.53.119,4153
206.123.156.233,10783
202.148.22.106,5678
180.148.25.46,8181
47.83.168.191,5000
39.104.57.33,8081
167.71.176.220,9058
23.254.209.174,8888
42.2.156.79,80
206.123.156.236,6694
91.144.30.93,8080
176.194.189.40,80
94.19.3.159,1080
147.45.76.207,3128
206.123.156.231,15073
97.213.76.123,80
146.103.56.244,5792
103.43.191.71,8888
59.45.13.219,3629
206.123.156.238,4050
91.229.114.143,80
177.136.124.36,3629
156.200.116.71,1981
183.110.216.159,8090
185.133.239.244,16299
5.78.74.227,8080
8.213.195.191,4006
212.156.217.147,4153
5.58.66.55,14888
129.226.93.232,80
206.123.156.213,9681
206.123.156.210,6484
184.178.172.28,15294
5.75.168.247,8058
65.109.65.239,18080
206.123.156.236,5095
206.123.156.206,4095
47.91.115.179,10250
178.255.44.60,58968
206.123.156.218,6620
112.221.46.117,4153
72.37.216.68,4145
72.210.208.101,4145
206.123.156.212,4840
199.66.183.226,4145
39.102.213.3,9080
165.154.236.214,80
121.167.215.166,1080
80.80.164.164,10801
46.209.54.102,8080
154.18.220.190,5678
206.123.156.233,10856
206.123.156.235,29033
110.74.195.152,1080
172.104.80.244,8080
185.97.114.179,3629
5.78.86.37,8080
144.124.232.204,443
24.121.213.80,3128
144.91.78.34,20269
43.242.227.10,9052
190.109.6.115,999
77.91.74.77,80
206.123.156.222,9224
206.123.156.225,23551
206.123.156.234,9087
199.116.114.11,4145
31.43.33.56,4153
190.221.174.130,8080
206.123.156.236,9344
206.123.156.218,8232
68.233.119.157,3128
149.86.203.217,8080
206.123.156.219,10521
103.48.71.30,84
206.123.156.234,8562
206.123.156.229,7882
179.185.89.251,8080
185.175.229.58,1080
170.64.170.204,8080
144.31.69.180,9050
191.7.189.184,5678
206.123.156.220,9893
206.123.156.225,6730
103.171.254.26,8080
50.114.15.232,6217
12.50.107.220,80
8.211.195.139,5060
206.123.156.222,9465
167.249.29.218,999
8.211.200.183,45
201.140.209.33,3128
165.140.185.26,39593
87.255.200.108,60080
155.50.215.37,3128
103.152.9.150,80
181.78.207.50,999
139.255.97.157,14888
23.27.210.51,6421
152.67.222.114,8001
43.161.239.147,11090
51.83.184.241,9191
170.106.136.181,31002
103.102.144.26,8080
206.123.156.211,6033
115.187.50.40,5678
212.46.245.189,1080
206.123.156.209,6186
206.123.156.223,9155
47.238.203.170,50000
206.123.156.213,8852
110.232.92.49,8080
107.174.107.161,2001
47.254.36.213,80
188.166.249.234,4000
62.133.62.187,1081
45.225.107.100,1994
206.123.156.238,4416
136.0.109.217,6503
206.123.156.223,4269
98.103.88.158,46104
200.95.184.5,999
8.211.49.86,10801
181.12.99.204,8080
81.168.119.85,443
5.19.101.163,33333
72.206.181.105,64935
206.123.156.220,5791
77.61.172.158,8090
206.123.156.233,7199
178.49.22.23,1080
138.124.125.198,1080
174.138.119.88,80
103.23.236.162,8080
198.8.94.170,4145
8.211.195.173,8072
8.211.194.85,8008
163.223.78.107,8080
103.213.97.78,80
38.194.245.231,3128
205.185.125.140,5556
8.211.195.173,8080
206.123.156.232,5339
82.65.237.58,9050
157.173.109.85,8081
188.166.213.190,4444
200.61.16.80,8080
101.89.150.168,3128
165.225.72.38,11552
122.224.198.218,808
41.65.160.171,1981
206.123.156.238,6052
41.220.16.214,80
210.201.86.72,8080
5.157.64.213,1080
98.191.0.37,4145
206.123.156.221,14810
162.255.110.24,8080
122.224.198.218,1080
82.132.19.108,4153
190.60.37.146,999
157.66.36.29,69
165.225.72.38,11294
194.5.176.88,32654
143.137.116.72,1080
186.31.197.3,8080
51.89.68.78,9050
206.123.156.224,9071
202.84.76.190,5678
142.111.113.123,6484
181.174.231.30,999
206.123.156.222,4835
8.213.156.191,5060
206.123.156.213,5869
178.95.181.82,33333
190.61.40.85,999
167.99.236.14,80
192.169.140.98,45739
206.123.156.235,8977
206.123.156.231,8488
109.224.22.34,51372
68.71.240.210,4145
206.123.156.223,4203
138.117.229.17,999
206.123.156.211,5570
206.123.156.231,6580
206.123.156.213,7940
206.123.156.210,8013
146.103.3.57,7110
162.255.108.254,5678
206.123.156.223,4636
185.145.185.218,8080
206.123.156.224,5662
206.123.156.209,5271
206.123.156.234,4209
95.80.253.77,33333
173.249.20.169,9060
206.123.156.222,5818
101.200.158.109,9200
157.66.16.36,5568
163.53.18.10,3116
47.251.127.154,1080
67.201.39.14,4145
8.218.116.220,1011
206.123.156.231,5776
113.53.29.228,13629
8.213.222.247,30000
37.26.136.224,4153
206.123.156.225,9526
206.123.156.238,16680
8.211.195.173,10001
159.223.87.50,443
113.204.79.230,9091
141.147.109.224,1080
192.111.129.145,16894
93.126.31.33,8080
206.123.156.229,4097
206.123.156.233,4480
116.171.106.15,3443
36.94.119.218,4145
72.195.34.42,4145
47.116.181.146,6379
69.70.244.34,80
95.216.230.239,80
202.162.219.10,1080
47.76.144.139,8888
14.178.142.11,80
39.104.59.56,9098
109.110.78.70,5678
208.113.161.0,23089
202.141.242.3,55544
203.78.235.132,3128
206.123.156.211,4814
165.225.72.38,12065
92.113.7.181,6907
185.226.204.95,5648
206.123.156.236,7779
212.182.119.149,8080
192.111.138.29,4145
206.123.156.238,8793
188.40.158.211,1088
8.211.194.85,10000
192.198.126.93,7136
206.123.156.225,8611
206.123.156.225,9619
167.235.35.185,3128
8.213.151.128,3128
176.74.199.115,19524
209.127.191.161,5235
179.49.237.6,999
210.177.178.148,80
49.51.186.8,3128
206.123.156.238,13434
186.96.111.214,999
103.239.52.100,1080
206.123.156.223,10504
23.144.56.65,80
47.252.11.233,20
91.186.210.116,1081
104.143.226.125,5728
41.65.227.103,1981
65.109.65.238,18080
192.111.137.37,18762
103.129.3.246,83
103.48.68.218,83
91.206.92.212,9050
91.200.114.58,55749
91.98.161.17,1080
86.38.154.243,5886
103.224.54.233,31433
176.74.197.163,36918
143.255.85.18,999
206.123.156.223,4707
118.179.206.42,8080
47.252.11.233,8443
222.71.131.131,1080
114.236.93.203,15800
106.240.89.60,4145
206.123.156.211,4491
92.118.112.32,1082
12.50.107.221,80
98.162.25.29,31679
43.246.201.53,23654
163.172.167.48,80
206.123.156.234,10632
195.133.75.138,3128
206.123.156.211,5638
31.131.248.48,3129
88.84.223.156,5650
89.218.8.152,1080
47.83.168.191,4000
103.75.54.230,8080
196.204.83.233,1976
81.12.157.98,5678
104.192.202.11,1080
5.75.168.247,8051
45.225.205.240,999
5.75.155.221,8888
103.248.47.230,1080
206.123.156.206,8088
8.220.204.215,9098
77.239.108.222,11035
182.253.144.75,4153
217.12.209.4,1080
62.133.62.249,1081
47.176.213.210,39593
84.2.239.42,4153
51.15.211.42,16379
103.65.237.92,5678
173.214.176.194,6165
39.102.208.149,1081
36.91.45.11,51299
51.158.105.107,16379
128.241.228.166,1080
212.23.175.80,8443
82.165.184.53,80
206.123.156.206,4122
115.127.53.114,1080
94.102.193.91,8080
15.204.22.196,3128
103.48.183.113,4145
185.22.155.202,1080
143.44.191.108,8080
120.25.189.254,8081
196.0.113.10,31651
103.17.90.6,5678
206.123.156.222,6056
183.88.240.53,4145
206.123.156.234,9328
144.124.227.88,3128
23.236.247.45,8077
201.174.73.70,11337
196.1.93.10,80
207.180.254.198,8080
206.123.156.218,4114
142.54.235.9,4145
38.51.243.209,999
206.123.156.219,10261
196.204.24.251,8080
116.171.106.26,3443
125.141.139.198,5566
165.3.2.136,3128
107.175.44.109,3128
5.160.175.226,8383
206.123.156.212,9743
157.10.90.47,8080
5.104.174.199,23500
8.211.195.173,1000
139.135.182.132,8081
93.123.121.3,8080
38.154.194.240,9653
203.189.141.139,33333
212.174.242.114,8080
173.236.187.104,40355
47.91.89.3,8040
202.40.181.220,31247
109.68.215.84,1080
136.0.109.74,6360
8.213.197.208,8443
98.175.31.195,4145
192.252.208.67,14287
46.173.211.221,12880
47.76.144.139,80
206.123.156.223,4476
45.127.250.95,5704
206.123.156.213,4922
220.67.2.2,80
179.1.182.28,999
153.127.195.58,4444
107.174.25.55,5509
206.123.156.234,5336
188.165.199.207,80
206.123.156.230,7564
105.214.69.143,5678
206.123.156.220,10611
182.160.116.125,1088
185.223.82.217,1080
206.123.156.232,5239
209.38.214.48,1080
206.123.156.220,10405
206.123.156.222,9094
24.249.199.12,4145
62.133.62.231,1082
206.123.156.235,8062
165.225.72.38,11684
20.44.206.138,80
206.123.156.238,7799
103.151.226.12,12
103.116.145.67,33333
8.215.12.103,84
89.169.37.254,1080
84.52.123.163,4145
163.47.37.190,1080
98.162.96.41,4145
188.247.39.14,43032
101.109.76.109,4145
159.203.61.169,3128
160.20.165.242,8080
34.87.103.220,80
46.101.36.247,9050
186.211.2.54,4145
137.74.173.77,33611
165.225.72.38,11094
103.84.228.12,3128
177.23.156.192,18800
213.156.124.3,33333
206.123.156.224,10007
45.43.64.145,6403
103.175.240.64,1080
190.0.15.18,5678
206.123.156.220,10548
206.123.156.233,6966
103.75.117.79,80
206.123.156.222,4593
103.151.226.10,12
206.123.156.220,10657
189.124.85.225,7171
206.123.156.231,6786
72.205.0.67,4145
103.174.145.46,83
95.163.20.1,4153
103.189.249.196,1111
206.123.156.234,8137
45.43.93.205,7454
206.123.156.238,11717
161.123.151.3,5987
95.31.5.29,54651
206.123.156.220,12310
122.248.38.4,4153
206.123.156.238,5682
104.199.219.13,3128
34.80.202.6,3128
206.123.156.234,11177
206.123.156.222,4201
82.38.129.233,8443
131.196.82.70,999
212.237.125.216,6969
206.123.156.223,4757
117.251.103.186,8080
206.123.156.219,10427
117.198.221.34,4153
206.123.156.238,6087
85.117.248.36,1080
206.232.103.231,6388
206.123.156.225,8002
216.154.201.132,54321
192.203.0.238,33333
202.40.186.66,1088
87.250.63.90,8080
103.112.130.14,8080
46.21.186.252,1080
61.148.199.206,4145
167.71.204.247,9050
8.220.204.92,8081
62.133.62.207,1081
94.72.109.169,8080
206.123.156.211,7467
165.154.227.39,1080
82.137.90.192,80
206.123.156.223,8064
190.60.47.61,999
103.197.241.209,1080
191.252.111.160,7000
103.12.173.5,8080
105.235.193.46,5678
206.123.156.219,4503
206.123.156.233,4105
177.38.245.106,55713
206.123.156.219,12587
206.123.156.230,6402
95.70.220.173,4153
36.248.214.42,1080
172.105.166.114,31282
36.94.185.93,35010
182.163.96.66,1080
8.210.4.18,7779
190.12.95.170,37209
206.123.156.211,11802
186.201.31.189,4145
217.182.6.206,26379
217.69.121.71,5736
206.123.156.211,19514
92.86.92.126,42740
206.123.156.238,11527
206.220.175.2,4145
160.250.226.94,1081
206.123.156.222,7479
82.193.116.160,21003
206.123.156.234,8214
206.123.156.233,4506
185.65.247.133,48049
206.123.156.222,9883
45.91.93.166,26649
221.10.57.128,5138
8.213.156.191,9080
151.241.100.178,1080
206.123.156.221,4930
185.125.201.149,7443
206.123.156.222,12928
184.105.133.1,48324
206.123.156.236,6163
203.189.141.138,1080
206.123.156.211,6871
47.238.134.126,8181
116.203.252.129,8080
161.49.215.28,10101
212.252.73.17,8080
103.146.2.151,33333
82.26.212.156,5963
85.194.250.22,1080
118.136.82.136,5678
142.54.237.34,4145
206.123.156.211,7790
175.144.198.226,31694
47.251.73.54,888
103.173.141.9,8080
103.23.204.146,4673
85.62.5.158,5678
192.252.214.20,15864
35.220.181.71,3128
190.187.201.26,8080
206.123.156.212,4430
195.228.65.164,5678
109.245.231.73,8192
5.78.88.133,8080
92.118.112.25,1081
8.211.200.183,1720
125.227.225.157,3389
206.123.156.212,8247
45.61.100.237,6505
157.100.56.12,8080
190.13.147.241,5678
206.123.156.233,10946
86.38.154.147,5790
104.236.171.128,41047
91.243.192.17,3629
160.19.19.43,8080
118.67.220.225,4145
206.123.156.232,20018
196.0.111.186,46048
120.133.82.62,44234
104.200.152.30,4145
206.123.156.209,4484
167.172.159.43,39019
206.123.156.211,5709
91.203.242.66,222
89.39.114.31,4153
103.109.96.161,6321
85.30.215.48,32946
206.123.156.211,6219
47.253.211.16,1080
85.114.45.210,4153
157.230.191.76,56996
206.123.156.223,6721
206.123.156.223,6395
206.123.156.211,11056
206.123.156.223,8864
161.97.153.238,9050
206.123.156.243,7482
206.123.156.230,8802
45.238.57.1,3629
206.0.29.86,1080
117.202.20.70,1088
132.148.244.30,45157
5.78.93.11,8080
8.220.204.92,9098
206.123.156.233,6986
206.123.156.231,6042
217.154.155.115,8080
198.105.100.57,6308
104.143.226.72,5675
206.123.156.206,6706
109.94.182.128,4145
141.148.158.143,1080
113.176.118.150,1080
107.175.119.56,6584
128.140.113.110,4145
103.126.87.203,8081
103.88.169.106,33149
223.165.243.161,47205
206.123.156.210,5945
111.68.0.101,1080
8.213.134.213,30000
184.174.126.43,6335
149.129.226.9,1080
89.151.133.216,8080
206.123.156.213,5910
206.123.156.223,8307
206.123.156.219,9494
160.250.54.9,9000
206.123.156.211,17117
98.190.239.3,4145
206.123.156.233,9721
203.205.34.58,5678
206.123.156.229,7296
181.78.74.101,999
206.123.156.236,4662
103.97.140.226,8080
213.226.11.149,59086
102.209.18.68,8080
206.123.156.235,4050
206.123.156.220,10681
36.89.251.210,5678
45.187.71.208,5678
103.204.211.48,32255
206.123.156.221,10885
218.4.192.62,7302
206.123.156.211,9792
206.123.156.223,6523
206.123.156.232,6905
77.105.139.108,1080
61.171.50.169,6688
103.156.248.102,8080
213.151.79.84,8080
206.123.156.234,5234
192.252.215.2,4145
151.243.153.157,8118
155.50.246.118,3128
8.220.205.172,80
206.123.156.223,7228
85.105.194.113,4153
103.177.176.62,8080
103.177.199.97,1111
206.123.156.225,5345
109.237.97.176,36090
103.107.117.242,8080
206.123.156.236,8633
206.123.156.236,6382
185.230.190.195,3128
34.87.80.221,30000
195.58.38.163,42372
206.123.156.209,5764
182.52.67.122,50801
154.65.39.8,80
206.123.156.223,5626
88.213.214.254,4145
197.243.20.178,80
8.209.96.245,80
130.162.168.55,1080
46.30.46.175,3111
201.220.112.98,999
191.96.202.70,6116
8.221.139.222,6666
206.123.156.221,5254
212.58.132.5,8888
95.178.108.189,5678
206.123.156.233,7371
12.50.107.222,80
41.220.16.213,80
136.0.109.49,6335
103.81.117.122,4153
200.75.137.210,4145
103.40.156.44,3128
82.66.54.40,80
131.100.51.143,999
8.209.96.245,18080
198.37.116.113,6072
189.203.181.34,1080
136.0.105.92,6102
162.220.247.212,6807
38.199.30.195,999
206.123.156.224,6047
206.123.156.225,10964
184.170.251.30,11288
178.49.14.57,3128
202.152.15.2,4145
41.59.90.170,80
206.123.156.234,7225
103.119.101.59,8080
202.62.42.167,1080
86.38.236.168,6452
206.123.156.240,9465
179.61.229.162,999
201.234.24.89,4153
84.236.185.247,61710
188.134.9.40,1080
45.61.96.3,5983
31.59.33.172,6748
165.225.72.38,12345
154.201.90.234,1080
206.123.156.233,9722
45.190.141.241,1080
206.123.156.231,4922
206.123.156.236,5409
103.147.182.36,80
206.123.156.240,6532
144.31.222.106,7890
166.88.3.195,6666
170.80.203.28,999
195.19.50.120,1080
47.238.60.156,9080
121.29.81.125,1080
84.201.144.65,10005
177.137.207.166,1080
103.161.31.249,83
118.71.99.233,5678
45.61.100.203,6471
201.229.250.21,8080
91.218.244.153,8989
72.205.0.93,4145
125.25.40.41,32650
46.149.68.206,1080
162.220.246.90,6374
62.133.62.249,1082
206.123.156.231,6161
162.220.247.116,6711
165.225.72.38,10770
206.123.156.223,8018
24.249.199.4,4145
113.208.119.142,9002
34.43.46.91,80
34.96.238.40,8080
206.123.156.219,10605
162.220.247.60,6655
50.236.148.246,31699
51.222.241.8,42378
85.121.51.40,9091
201.182.251.141,999
62.60.230.196,1080
213.222.34.200,4145
54.37.115.191,37748
176.74.192.44,24822
192.111.130.5,17002
109.120.133.253,9999
103.101.216.70,8080
190.95.132.189,999
185.128.242.4,45629
206.123.156.222,6723
12.50.107.217,80
45.156.223.54,3128
121.133.175.227,1080
206.123.156.231,10056
206.123.156.209,4084
8.209.246.166,8888
46.101.102.134,3128
47.74.46.81,8047
182.48.66.154,8080
72.221.164.34,60671
189.250.135.40,80
0.0.0.0,80
162.240.32.213,154
181.209.106.189,1080
168.194.224.36,4153
206.123.156.229,6224
80.191.40.41,5678
206.123.156.234,4051
138.68.60.8,3128
178.128.157.114,443
103.163.51.254,80
147.93.81.120,1080
202.165.47.90,55443
206.123.156.223,4728
206.123.156.221,7759
46.101.19.131,80
70.35.199.99,56633
103.137.91.250,8080
8.213.128.6,5001
47.238.134.126,9098
97.213.92.28,80
206.123.156.220,4883
41.77.188.131,80
51.158.79.141,16379
47.238.60.156,45
206.123.156.234,6528
47.254.36.213,8443
206.123.156.222,9945
151.241.234.208,8443
47.74.46.81,80
84.247.236.86,48293
180.191.23.66,8082
206.123.156.224,9725
206.123.156.236,9783
54.69.32.70,8888
206.123.156.221,7871
103.38.54.64,83
41.33.203.238,1975
139.162.141.208,8080
103.75.118.84,1080
137.66.1.45,80
8.220.204.92,9080
78.189.32.215,8080
206.123.156.238,9708
114.4.200.222,5678
196.219.64.252,80
186.194.234.18,4153
5.75.168.247,8030
184.181.217.206,4145
125.24.156.113,7080
201.238.248.134,443
206.123.156.222,10565
206.123.156.231,5317
181.209.107.138,4153
206.123.156.223,8288
206.123.156.223,10754
125.141.133.49,5566
101.255.106.33,1452
206.123.156.238,5221
181.209.253.168,35010
8.213.222.247,4002
206.123.156.230,6380
120.42.35.91,35010
8.213.134.213,9080
47.238.130.212,20000
38.180.2.107,3128
130.193.123.34,5678
206.123.156.238,8087
206.123.156.238,4668
206.206.71.159,5799
146.103.3.121,7174
103.61.122.229,1080
181.94.197.37,8080
141.94.254.138,26353
103.245.96.161,3214
206.123.156.234,4039
206.123.156.231,12705
193.105.62.11,58973
185.216.18.138,44550
206.123.156.236,4046
176.235.182.90,1080
45.119.113.65,83
183.88.184.48,8080
206.123.156.231,5302
8.211.195.173,5060
206.123.156.209,9613
206.123.156.210,9474
89.237.33.193,37647
206.123.156.219,5001
13.232.245.132,80
47.100.207.117,8080
206.123.156.213,5030
197.232.47.102,52567
212.58.132.5,1080
160.250.54.5,9000
103.1.105.10,4153
139.255.86.226,5678
46.149.77.90,1080
139.144.224.11,8080
200.69.83.205,999
45.95.233.237,1081
45.86.86.179,3128
185.6.9.176,8072
206.123.156.231,4115
123.31.12.184,45255
45.65.113.18,27676
102.129.170.247,37234
72.221.171.135,4145
103.191.254.1,7777
47.91.89.3,80
193.29.224.20,1080
51.15.252.246,16379
206.123.156.234,7252
3.137.86.220,1080
35.185.254.159,80
146.103.56.13,5561
5.189.129.186,48229
102.213.179.56,8081
213.248.39.166,4153
202.179.83.169,51951
89.249.192.92,6491
131.196.180.1,4153
72.221.172.203,4145
195.24.65.4,1090
67.205.153.110,51528
120.77.203.0,443
90.156.211.80,1080
8.213.156.191,20
190.94.212.247,999
103.126.87.181,7777
206.123.156.209,7411
206.123.156.234,9019
38.49.210.79,40000
103.245.255.253,1080
124.248.191.83,1080
47.74.46.81,6379
47.116.126.57,8118
115.239.234.43,7302
206.123.156.220,6696
206.123.156.234,6489
206.123.156.222,10738
108.165.236.206,1080
88.255.102.114,1082
213.190.26.158,1080
201.174.17.126,7755
177.10.201.170,45780
140.245.238.56,53
138.201.111.171,8080
206.123.156.238,48731
210.2.171.107,35010
39.102.208.236,10000
148.153.56.51,80
190.104.213.175,1080
47.254.36.213,8080
206.123.156.231,5223
206.123.156.219,10104
206.123.156.231,7560
176.61.151.123,80
110.44.115.83,8080
192.252.216.86,4145
200.95.184.62,999
72.56.238.99,9090
67.227.113.115,5655
175.29.178.34,10808
206.123.156.220,9539
206.123.156.213,8529
77.77.26.152,4153
197.221.249.196,80
206.123.156.211,8962
206.123.156.213,6738
62.201.233.59,4145
104.239.13.172,6801
206.123.156.235,4773
185.40.80.143,4153
75.84.71.14,80
93.126.6.68,3128
47.84.204.82,443
206.123.156.223,6914
103.242.175.241,8899
206.123.156.238,4849
139.167.218.162,3127
180.180.171.113,4145
206.123.156.210,6758
141.98.234.112,1080
103.173.214.187,8080
152.228.152.91,443
206.123.156.229,7010
67.210.146.50,11080
172.120.112.176,5855
213.207.195.178,8080
20.24.81.3,8080
54.163.67.42,9999
66.29.128.244,23597
166.88.224.58,5956
206.123.156.230,9078
198.8.84.3,4145
181.209.106.187,1080
192.210.191.145,6131
65.108.203.37,28080
104.244.75.78,31534
111.61.73.175,7302
206.123.156.223,12525
181.57.138.70,4153
165.225.72.38,443
200.118.122.6,4153
93.175.194.155,3629
206.123.156.231,4877
1.231.81.166,3128
139.162.166.167,43941
49.144.31.218,8082
184.182.240.211,4145
217.162.8.134,80
72.195.34.60,27391
89.169.168.25,6101
154.209.4.204,38080
45.156.223.38,3128
85.187.224.21,8080
45.249.78.177,5678
103.59.145.209,1080
206.123.156.231,4213
38.41.0.6,11201
209.141.46.220,9091
211.22.151.163,60808
139.59.59.122,8118
182.253.181.10,8080
68.183.55.211,37775
41.79.9.229,8080
206.123.156.211,7460
8.220.136.174,12000
102.68.135.147,8080
54.37.72.89,80
45.32.8.165,6688
206.123.156.233,6631
150.129.170.77,5678
206.123.156.236,12215
206.123.156.227,17405
181.174.231.30,9992
206.123.156.220,10048
223.130.11.151,8888
205.185.123.62,2555
206.123.156.212,4019
38.49.138.136,999
78.133.163.190,4145
47.252.18.37,9098
197.211.24.206,5678
193.221.203.192,1080
176.12.72.62,1080
206.123.156.223,5285
155.212.135.193,5050
50.114.93.211,6195
206.123.156.236,7765
206.123.156.238,10603
177.55.68.68,8080
82.23.203.167,5475
98.188.47.132,4145
152.228.217.116,80
185.71.233.113,8080
200.25.254.193,54240
206.123.156.211,5292
197.221.237.248,80
45.77.172.250,1080
110.74.202.186,4153
203.30.9.8,8443
111.235.151.112,8443
14.225.240.23,8562
131.222.251.56,8080
72.221.232.155,4145
47.90.149.238,4145
103.174.122.197,8199
206.123.156.206,7098
206.123.156.236,11008
192.111.137.35,4145
8.221.139.222,9098
80.74.54.148,3128
206.123.156.213,20404
103.131.156.90,6789
194.163.182.234,53941
8.213.215.187,8001
109.197.55.234,1080
177.234.192.44,32213
192.162.236.12,8080
47.238.250.174,1011
206.123.156.220,15059
206.123.156.224,10965
47.92.143.92,8443
50.236.148.254,31699
206.123.156.236,5336
206.123.156.210,9846
217.154.70.86,7777
165.225.72.38,11724
72.206.181.123,4145
193.151.130.114,8086
47.238.60.156,4002
197.232.152.244,41890
206.123.156.233,4299
181.113.135.254,50083
206.123.156.219,4371
206.123.156.224,11876
72.49.49.11,31034
188.169.84.30,5678
206.123.156.206,5176
206.123.156.210,9220
206.123.156.229,7322
185.200.38.142,8080
206.123.156.224,10080
111.90.188.245,41890
178.128.59.180,18080
103.180.223.7,1080
206.123.156.219,4133
185.161.186.133,54321
149.62.186.244,1080
45.43.81.62,5709
188.133.160.22,4145
206.123.156.222,6040
206.123.156.223,4178
202.28.194.139,31280
5.42.87.164,56789
38.19.41.208,999
178.34.190.6,8080
103.225.221.18,5678
31.57.42.105,6375
31.58.18.233,6502
8.220.204.92,3129
206.123.156.221,5167
5.101.120.25,1080
206.123.156.234,6684
203.189.150.44,1080
181.10.200.154,3128
219.93.101.63,80
131.222.252.102,8080
158.101.15.1,443
89.28.48.254,5678
185.87.121.35,8975
206.123.156.238,8611
186.167.112.91,999
38.56.70.59,999
193.122.105.251,65535
148.230.15.194,999
184.181.217.194,4145
206.123.156.229,7739
1.179.148.33,1080
188.164.199.199,36938
206.123.156.227,8145
8.211.42.167,8005
165.227.104.122,48500
139.5.64.108,80
142.54.237.38,4145
202.78.167.58,9050
206.123.156.227,17315
139.59.1.14,8080
167.235.155.77,47287
43.153.86.246,7890
202.62.47.98,1080
206.123.156.222,7508
206.123.156.213,8172
144.124.227.191,1080
103.174.178.137,1020
8.213.128.6,5000
203.25.208.163,1145
68.183.60.51,1088
8.213.195.191,80
47.244.32.96,80
198.105.100.236,6487
195.19.50.180,1080
34.101.184.164,3128
206.123.156.211,20005
144.202.14.153,50000
206.123.156.230,5406
85.92.164.179,4145
195.138.73.54,31145
102.0.14.42,1080
206.123.156.236,6365
143.110.186.10,6647
66.29.128.243,45155
203.85.120.69,8080
41.33.66.228,1976
5.75.168.247,8021
206.123.156.223,8197
206.123.156.235,4170
206.123.156.211,5302
154.6.127.234,5705
209.97.150.167,3128
122.175.58.131,80
177.73.248.26,55290
203.172.201.226,8080
66.220.129.39,3128
206.123.156.211,6820
134.122.22.233,3128
113.53.60.184,4153
206.123.156.222,6658
38.127.172.7,37234
107.174.136.228,6170
78.9.234.55,8080
47.91.89.3,35
206.123.156.238,16840
206.123.156.230,6179
2.115.212.62,48293
165.225.72.38,10546
45.135.139.32,6335
206.123.156.206,4160
117.55.203.165,8899
91.244.115.221,48080
8.211.200.183,100
173.212.237.43,43648
202.62.50.52,1080
103.156.14.165,5678
192.99.201.39,18336
206.123.156.236,7415
8.213.215.187,104
197.221.234.252,80
206.123.156.221,4423
27.147.255.146,1080
190.182.88.214,30956
206.123.156.231,5485
8.213.197.208,5060
206.123.156.230,9302
202.62.55.154,1080
206.123.156.227,10825
85.30.215.48,60541
84.21.173.170,1080
123.58.219.150,7890
72.207.113.97,4145
1.180.0.162,7302
8.211.194.85,18080
93.177.103.24,50471
206.123.156.233,5630
165.225.72.38,10440
185.112.224.151,1080
206.123.156.223,5296
8.211.195.139,28737
89.250.148.154,4145
206.123.156.224,8372
206.123.156.225,10274
89.109.252.139,8081
95.128.142.76,1080
68.1.210.163,4145
103.39.70.68,1452
129.154.217.238,8080
206.123.156.222,4910
206.123.156.233,6649
200.52.148.10,999
46.99.210.63,3629
206.123.156.219,4645
206.123.156.211,10609
93.175.204.173,8080
206.123.156.220,11814
113.192.31.90,8080
82.146.38.71,443
143.255.147.242,8080
177.67.176.91,4153
198.105.111.106,6784
8.211.42.167,9080
47.245.117.43,80
103.247.13.134,8080
46.8.112.212,1080
103.172.249.62,8899
80.78.78.106,65530
200.85.52.254,5678
103.48.71.126,82
45.70.236.194,999
206.123.156.224,4627
167.71.69.148,443
104.238.37.71,6628
206.123.156.222,8893
95.183.140.94,80
196.250.225.146,60606
8.211.194.85,1080
145.223.46.177,5727
206.123.156.221,5805
195.154.43.198,39522
41.65.55.10,1976
205.185.114.78,5556
35.227.57.1,3128
213.32.252.134,5678
139.59.234.208,50929
206.123.156.219,10224
39.109.113.97,4090
206.123.156.223,8269
206.123.156.234,7579
85.217.192.39,4145
186.1.182.194,4153
150.241.116.167,443
174.75.211.222,4145
206.123.156.225,9141
98.162.96.53,10663
47.74.46.81,11310
206.123.156.219,7449
72.195.114.184,4145
221.226.109.229,7302
47.104.27.249,8888
5.255.117.250,1080
142.111.58.23,6601
206.123.156.211,11528
46.161.4.153,4444
163.172.53.142,80
14.143.222.113,57748
95.165.97.185,8080
181.119.64.21,999
118.173.230.149,1080
202.40.179.33,9090
160.238.65.9,3128
5.78.75.89,8080
168.196.24.29,60606
103.194.175.51,7777
8.221.139.222,8028
51.15.5.21,60349
8.211.51.115,8889
5.75.168.247,8059
176.9.238.167,52533
14.207.161.107,4153
104.143.226.222,5825
68.71.247.130,4145
68.1.210.189,4145
8.213.197.208,3128
206.123.156.235,5952
206.123.156.213,8775
98.178.72.21,10919
206.123.156.231,6459
72.206.181.103,4145
103.82.23.118,5259
206.123.156.233,9527
180.125.216.109,8118
98.170.57.231,4145
103.171.255.178,8080
54.183.2.158,1080
77.91.79.172,1080
49.0.87.62,1080
97.74.87.226,80
47.84.204.82,80
45.10.70.151,8888
183.80.130.10,4145
178.16.140.119,1080
206.123.156.211,5281
195.219.98.27,5678
119.93.122.233,4145
193.68.115.14,8080
27.254.99.183,8118
176.32.2.193,8080
206.123.156.227,4817
173.212.209.233,3128
130.61.57.112,6969
202.49.176.24,2080
74.119.147.209,4145
190.111.209.207,3128
126.209.45.27,5050
50.255.17.229,32100
206.123.156.222,7784
166.88.58.5,5730
184.82.130.44,8080
46.10.209.230,8080
206.123.156.210,11090
78.109.34.192,8080
68.183.52.128,9116
197.221.249.197,80
31.42.184.144,57752
85.159.88.220,8111
185.216.106.141,6218
186.159.6.163,1994
206.123.156.223,7487
72.217.216.239,4145
213.149.154.213,5678
206.123.156.233,6748
47.121.182.36,39
165.225.72.38,11596
174.77.111.198,49547
64.188.125.187,3128
206.123.156.234,4214
8.137.13.191,3128
45.153.4.154,3128
190.97.231.0,999
196.29.231.1,4145
119.235.50.246,4153
174.137.134.182,2999
206.123.156.238,8592
185.226.207.166,5715
103.184.67.37,1080
182.53.216.73,4145
47.74.46.81,10000
206.123.156.231,4382
189.203.181.34,8080
206.123.156.231,4095
103.149.194.79,32650
62.74.223.178,33333
121.133.175.101,1080
206.123.156.233,4370
183.80.130.9,4145
141.105.107.152,5678
92.255.190.64,4153
184.174.46.43,5672
47.84.204.82,1080
202.62.52.20,1080
128.199.131.156,29717
115.127.80.1,9090
206.123.156.236,9552
103.82.23.118,6174
219.65.73.81,80
103.51.21.250,83
181.78.73.117,8080
85.237.62.189,3629
139.59.7.217,36590
168.253.92.93,10808
47.238.134.126,8443
138.117.85.217,999
103.125.56.83,8080
119.237.43.106,80
185.226.204.189,5742
89.238.206.2,33333
72.56.73.224,80
147.45.215.249,8443
47.252.11.233,9080
109.127.9.99,8080
206.123.156.213,5736
8.221.138.111,31433
197.245.83.20,5678
202.162.105.202,8000
185.200.119.90,8443
103.41.88.182,83
176.236.124.252,10001
206.123.156.233,5181
43.155.180.85,3128
46.161.4.153,3333
191.101.11.212,6610
83.234.76.155,4145
150.129.170.101,5678
136.232.116.2,43314
144.124.251.24,10407
202.62.62.113,1080
160.3.168.70,8080
206.123.156.233,9704
206.123.156.211,7645
107.172.221.14,5969
206.123.156.227,10142
141.94.104.205,48452
8.210.17.35,4321
217.69.121.57,5722
206.123.156.209,8450
62.122.201.246,50129
104.168.118.232,6188
45.194.33.12,30001
103.106.195.150,1080
45.32.169.213,61790
206.123.156.238,4177
47.251.241.246,1080
206.123.156.219,4606
206.123.156.238,9611
190.61.88.147,8080
147.50.227.121,18081
190.94.244.30,8080
120.224.234.71,7300
38.75.82.217,999
103.87.170.171,32650
5.45.126.128,8080
123.200.5.146,57775
152.32.132.190,7890
103.209.38.132,8080
72.210.221.197,4145
163.172.31.44,80
103.163.135.57,7777
95.217.104.21,17942
206.123.156.231,10420
81.161.236.152,8080
206.123.156.210,7083
206.123.156.235,28660
206.123.156.236,5634
88.215.162.59,1080
123.253.124.28,5678
206.123.156.235,10135
138.124.50.251,40000
103.159.88.72,29001
217.29.18.206,4145
155.50.218.252,3128
206.123.156.238,8632
206.123.156.211,7421
192.252.209.158,4145
206.123.156.236,4057
77.110.126.90,1080
136.233.136.41,43314
91.205.41.109,52606
103.221.228.50,5678
206.206.73.145,6761
206.123.156.235,15636
8.213.197.208,9080
82.65.220.152,80
206.123.156.236,14928
121.169.46.116,1090
58.147.187.20,8080
8.211.49.86,3129
68.71.254.6,4145
185.39.17.75,8080
8.211.42.167,3129
166.88.64.190,6573
212.83.143.151,31442
206.123.156.211,4199
62.133.62.231,1081
179.189.120.146,3128
103.197.48.53,9898
116.237.128.15,4145
206.123.156.218,6996
82.103.70.227,4145
206.123.156.236,12396
159.69.153.169,5566
177.234.211.151,999
8.213.215.187,4002
197.255.125.12,80
77.238.79.111,5678
206.123.156.211,5857
206.123.156.211,6113
206.123.156.213,4464
89.168.67.102,1080
190.186.237.103,80
206.123.156.236,4129
47.238.130.212,8008
5.255.117.127,1080
103.171.245.104,1080
206.123.156.230,7644
8.213.156.191,202
79.137.17.104,80
206.123.156.231,20328
165.225.72.38,11166
123.182.233.70,7302
116.104.41.109,5000
51.77.141.29,4662
158.69.157.172,80
23.27.203.179,6914
47.250.51.110,1081
190.97.254.154,8080
206.123.156.220,4569
5.75.168.247,8035
54.38.138.60,3128
103.148.62.1,8080
195.133.250.173,3127
5.45.118.209,1080
206.123.156.236,11116
85.117.62.78,8080
45.70.236.193,999
103.167.61.162,3128
104.143.224.28,5889
74.114.232.162,8080
188.191.165.159,8080
192.252.211.193,4145
206.123.156.233,10553
94.250.250.154,3128
45.187.76.2,3629
210.95.145.226,3128
118.174.209.75,4145
212.31.100.138,4153
202.79.35.12,1080
20.198.96.26,80
216.215.125.178,48324
195.140.226.32,5678
145.223.46.190,5740
206.123.156.222,5513
206.123.156.210,6320
206.123.156.211,15419
176.99.2.43,1080
89.237.34.193,37647
206.123.156.229,11559
86.38.154.181,5824
206.123.156.231,7947
206.123.156.225,5982
47.90.167.27,5060
206.123.156.227,10972
206.123.156.220,9422
146.103.56.149,5697
206.123.156.232,7551
191.102.107.234,999
206.123.156.224,10304
81.177.160.200,80
84.204.40.154,8080
115.127.82.138,9090
177.43.72.250,5678
80.78.73.120,65530
125.25.43.202,8080
8.211.42.167,20
202.43.165.140,10802
94.198.40.18,80
114.94.148.37,18080
192.177.87.57,5903
206.123.156.218,5358
206.123.156.224,5030
206.123.156.223,6366
206.123.156.219,11434
124.120.107.206,8080
103.134.214.130,1648
147.45.231.206,1080
206.123.156.211,7071
103.195.142.250,8180
103.151.74.5,2025
165.225.72.38,11735
206.123.156.233,4880
177.26.112.65,5678
195.34.91.67,8080
190.94.212.43,999
103.180.119.182,8082
200.111.104.59,3128
206.123.156.240,5409
119.148.11.141,22122
47.252.18.37,20
190.61.84.166,9812
206.123.156.236,8470
181.78.22.196,999
206.123.156.222,5122
216.74.115.205,6799
206.123.156.222,9366
95.214.54.200,1080
167.172.153.21,1080
182.184.119.180,1080
85.30.219.207,80
106.52.215.138,7890
69.36.63.128,1080
98.181.137.83,4145
193.233.139.106,1080
188.235.142.248,1080
206.123.156.222,8161
185.225.204.5,3128
181.120.28.228,80
45.70.200.165,999
109.111.242.134,6666
50.250.205.21,32100
68.71.249.153,48606
117.236.124.166,3128
206.123.156.233,10085
101.255.209.249,3128
206.123.156.232,4435
104.143.226.22,5625
176.111.37.216,39811
62.133.62.184,1082
35.234.87.239,80
206.123.156.227,4782
103.118.44.55,8080
206.123.156.224,4070
206.123.156.224,5794
206.123.156.224,4795
192.252.211.197,14921
147.45.70.219,1234
206.123.156.206,4499
170.244.0.179,4145
161.123.154.186,6716
206.123.156.234,9258
103.165.64.86,4153
206.123.156.231,5239
206.123.156.234,4964
112.198.138.29,8082
177.234.192.47,32213
185.89.156.130,5678
91.151.88.220,6618
45.41.177.186,5836
103.17.150.49,8080
206.123.156.233,5736
103.195.252.161,83
72.195.101.99,4145
93.184.8.22,1080
68.71.243.14,4145
190.152.5.17,39888
185.73.202.85,80
36.37.244.41,5678
190.184.144.222,5678
206.123.156.223,6685
114.7.97.222,35010
142.111.161.158,6529
208.64.37.70,8000
206.123.156.233,6850
103.41.88.182,84
81.30.27.147,33333
206.123.156.211,12426
107.172.221.225,6180
206.123.156.211,19760
77.50.183.34,8080
199.229.254.129,4145
188.95.20.139,5678
202.133.88.173,80
67.227.113.230,5770
104.238.10.20,5966
206.123.156.223,8289
8.213.195.191,10000
198.46.241.185,6720
103.175.237.36,8080
65.109.231.48,8080
5.78.87.232,8080
8.213.195.191,3333
39.102.208.149,9050
206.123.156.210,6761
155.0.181.254,41174
119.82.251.250,31678
150.109.12.63,8999
101.51.121.29,4153
193.200.151.158,8192
103.93.93.86,1111
8.211.195.139,3128
45.162.135.201,999
206.123.156.219,10148
62.193.118.57,1981
166.88.235.26,5654
119.93.87.65,8080
144.91.113.229,57018
194.233.86.196,443
8.215.15.163,8443
165.225.72.38,11665
206.123.156.220,5783
154.6.128.208,6178
32.223.6.94,80
203.77.239.219,50574
76.81.6.107,31008
172.105.11.250,33624
206.123.156.222,10576
61.160.66.130,5555
50.238.47.86,32100
206.123.156.212,9897
23.133.196.8,9000
47.89.159.212,11
104.232.209.63,6021
124.105.55.176,30906
8.211.42.167,8080
112.86.116.24,1080
94.253.82.229,8080
103.142.141.71,80
200.116.198.222,9812
206.123.156.222,5652
197.221.234.149,80
206.123.156.235,10837
194.150.110.134,80
213.210.67.186,3629
190.13.147.93,5678
206.123.156.236,10402
8.221.141.88,8061
113.161.6.170,1080
181.39.22.163,1994
206.123.156.224,10998
102.209.76.109,8080
210.16.86.105,5678
103.81.194.162,6666
162.220.247.200,6795
206.123.156.233,10071
104.143.226.173,5776
8.213.195.191,8443
103.169.255.202,6080
177.85.65.177,4153
51.103.137.65,80
45.79.203.254,48388
104.168.25.206,5888
185.65.202.227,1080
77.89.35.50,8080
79.137.122.43,80
206.123.156.211,7910
162.55.8.72,26379
190.52.110.95,999
103.146.185.81,1081
179.61.245.100,6879
47.88.89.215,8888
37.10.74.41,8080
190.71.24.129,999
115.164.146.10,5678
41.223.108.13,1080
31.148.207.153,80
115.74.159.157,1080
206.123.156.222,9838
206.123.156.230,7391
118.174.65.27,8080
206.123.156.238,5274
184.181.178.33,4145
206.123.156.222,10107
155.50.209.50,3128
163.227.244.244,8080
120.133.82.62,44175
194.124.37.20,8080
206.123.156.235,4284
80.240.201.62,83
45.33.21.96,4748
94.198.211.217,5678
138.124.26.19,1080
8.222.151.218,5566
203.2.151.13,8080
47.236.72.18,8888
206.123.156.211,19982
191.242.179.138,3128
107.181.148.31,5891
41.216.188.132,9050
206.123.156.233,9475
112.210.217.28,8080
109.73.192.102,1080
206.123.156.209,6530
206.123.156.233,7319
39.104.59.56,3128
47.251.74.38,6379
14.241.120.197,32650
38.7.207.92,80
206.123.156.222,4039
197.232.25.204,8080
201.217.51.9,4145
103.109.96.180,6321
206.123.156.233,14508
51.159.66.158,3128
72.195.34.35,27360
91.213.119.246,46024
138.201.139.252,12344
198.105.111.12,6690
38.41.4.60,999
189.223.46.35,3128
206.123.156.225,10850
206.123.156.236,4105
137.184.228.194,40886
206.123.156.234,8830
206.123.156.227,8666
93.191.63.227,8080
156.38.112.11,80
172.236.138.74,3128
103.210.35.182,8080
185.216.106.157,6234
89.116.78.154,5765
103.239.253.66,8080
206.123.156.210,5235
134.122.1.61,11679
38.156.89.76,999
60.190.195.146,10800
47.251.73.54,64
163.223.231.155,39152
206.123.156.227,8264
206.123.156.218,7867
5.181.23.213,8443
15.236.135.81,80
8.213.128.6,81
8.211.51.115,1080
83.218.186.22,5678
203.189.135.73,1080
206.123.156.224,6719
47.91.110.148,8080
206.123.156.233,9904
36.64.40.173,5678
206.123.156.238,4160
125.141.139.110,5566
45.135.139.47,6350
37.49.224.243,1080
206.123.156.227,10967
206.123.156.238,8021
130.162.157.198,8118
103.239.201.10,58765
67.201.58.190,4145
206.123.156.223,7123
217.23.6.121,15324
195.133.250.173,3128
197.232.43.224,1080
69.164.206.96,13024
206.123.156.227,8019
206.123.156.231,9074
222.223.112.59,10800
67.227.112.244,6284
192.111.129.150,4145
123.231.230.58,31196
185.226.207.17,5566
18.144.77.146,80
163.53.18.10,3229
89.22.226.129,1080
176.208.101.50,8080
47.76.144.139,18080
181.15.154.154,52033
101.66.198.133,8085
83.220.46.106,4145
199.119.74.239,33333
107.175.119.179,6707
213.14.31.123,35314
8.212.168.170,5060
181.143.21.146,4153
206.123.156.224,18298
206.123.156.225,14122
206.123.156.223,7212
206.123.156.219,4625
64.225.8.179,10000
204.48.29.137,3129
206.123.156.229,4039
102.129.170.99,37234
206.123.156.220,6902
206.123.156.233,6500
95.0.84.26,80
163.181.123.54,8080
146.56.178.93,1711
51.158.64.130,16379
159.192.138.170,8080
8.221.138.111,13
220.152.112.150,1088
219.93.101.62,80
206.123.156.222,7033
192.252.210.233,4145
139.162.68.93,1080
182.155.254.159,80
165.225.72.38,11753
74.162.65.56,1080
206.123.156.223,8032
191.243.54.245,41599
206.123.156.213,7752
43.153.66.118,80
185.244.208.195,23699
206.123.156.231,4792
223.25.109.146,8199
206.123.156.223,4523
185.87.121.5,8975
78.155.66.90,8080
94.159.106.252,1080
154.65.39.7,80
157.90.217.209,3128
95.3.69.222,8080
112.196.79.14,3129
122.53.45.42,8080
45.230.39.103,999
104.253.77.132,5554
85.121.179.217,1080
47.250.11.111,9080
49.148.47.13,8080
206.123.156.238,9187
145.223.46.11,5561
184.185.2.12,4145
1.4.195.114,4145
104.37.135.145,4145
187.103.74.137,5678
45.43.64.234,6492
172.105.90.122,8080
179.60.53.26,999
202.138.242.6,38373
82.97.246.138,1081
204.199.174.5,999
31.211.130.237,8192
93.184.4.254,1080
147.45.72.31,45700
185.200.188.234,10001
206.123.156.221,4266
47.91.65.23,3128
206.123.156.222,6844
45.43.70.86,6373
206.123.156.224,10419
103.174.122.208,8080
103.88.169.6,3629
162.220.246.147,6431
217.173.31.28,1080
206.123.156.224,6623
8.213.128.6,83
206.123.156.211,4934
178.252.165.226,1080
185.226.207.214,5763
206.123.156.233,8926
217.52.247.85,1976
111.68.31.134,40385
161.248.190.82,8080
51.195.139.95,44648
203.189.152.79,1080
206.123.156.218,7333
154.211.14.52,1080
177.93.44.53,999
78.130.246.65,1881
212.231.191.23,80
206.123.156.224,11507
45.6.94.159,4153
123.126.158.50,80
171.6.155.76,8000
206.123.156.224,8911
146.103.56.36,5584
27.77.224.150,1080
185.139.56.133,4145
46.8.31.104,1080
206.123.156.220,5993
181.204.81.178,999
206.123.156.233,5211
27.34.242.98,80
181.225.107.227,999
85.172.66.254,1099
147.45.146.97,1080
103.146.185.63,1081
38.154.224.115,6656
223.205.110.208,8080
206.123.156.211,11905
206.123.156.220,6458
138.121.15.230,999
103.210.29.201,31433
203.188.245.98,52837
110.93.206.62,5678
91.236.238.103,8080
103.12.246.57,4145
181.143.233.10,999
206.123.156.211,4241
51.15.209.188,16379
103.85.183.30,4995
198.105.100.229,6480
164.92.200.113,80
223.135.172.52,20000
206.123.156.211,4129
103.196.7.38,4153
206.123.156.209,8686
206.123.156.231,5610
185.226.204.78,5631
206.123.156.233,9718
112.28.149.156,8443
45.64.99.129,3125
128.199.104.190,41354
195.9.238.34,8080
170.245.50.65,8080
173.249.2.58,5964
202.62.34.102,1080
206.123.156.231,4914
138.2.64.185,8118
110.77.145.159,4145
47.252.11.233,91
47.238.128.246,8004
206.123.156.236,7020
206.123.156.238,8583
206.123.156.236,6258
103.103.146.149,7080
103.109.158.235,4153
47.91.29.151,4145
47.91.29.151,41
206.123.156.238,4031
206.123.156.224,10553
206.123.156.223,14690
85.143.254.38,1080
206.123.156.227,10633
213.172.89.227,4153
206.123.156.232,10433
79.116.43.39,80
114.130.176.210,8080
185.43.189.182,3629
8.213.222.157,8080
200.32.105.86,4153
43.110.40.117,8888
115.191.40.196,7890
91.188.213.143,1080
103.169.154.4,82
102.0.18.12,8080
206.123.156.223,6502
154.236.179.226,1975
8.218.239.205,8888
160.250.54.7,9000
206.123.156.225,6410
206.123.156.233,8841
206.123.156.213,6551
206.123.156.222,4959
82.180.163.163,80
157.230.220.25,4857
206.123.156.233,5819
31.220.78.244,80
47.91.29.151,6379
191.103.219.225,48612
68.183.90.210,59166
134.122.21.142,33346
104.37.175.200,22292
197.45.109.146,1976
8.210.17.35,8443
31.220.4.240,18967
68.71.241.33,4145
82.137.244.151,8080
103.137.85.29,83
206.123.156.211,19881
206.123.156.220,9621
8.209.96.245,8081
172.105.192.212,9080
206.123.156.231,4243
206.123.156.211,7623
38.191.204.104,46659
41.222.62.41,9898
221.134.152.75,7302
202.40.177.94,5678
179.48.11.6,8085
5.133.214.122,22799
147.45.72.212,44816
103.80.214.108,8080
50.235.92.65,32100
51.158.98.211,16379
206.123.156.231,11914
77.235.31.24,8080
103.137.218.113,83
142.54.231.38,4145
43.133.22.248,9091
208.67.28.28,58090
206.123.156.231,4147
138.2.79.142,3128
69.61.200.104,36181
37.120.189.175,1080
154.6.59.152,6620
113.161.59.136,8080
146.103.56.251,5799
91.223.32.106,1080
206.123.156.229,7055
115.127.36.190,1088
185.89.156.2,44224
206.123.156.233,24079
222.188.105.190,10800
174.75.211.193,4145
107.181.154.209,5887
202.162.105.202,80
45.174.87.18,999
206.123.156.227,8350
5.58.47.25,3629
206.123.156.230,9318
8.213.134.213,18080
129.151.130.247,1111
155.50.242.81,3128
14.187.141.43,19132
8.213.197.208,2083
70.166.167.38,57728
45.199.189.215,59213
195.2.67.21,1080
115.178.53.117,8080
206.123.156.232,10805
8.213.128.6,8009
206.123.156.220,10182
185.32.4.110,4153
206.123.156.230,9050
103.169.38.242,8080
206.123.156.210,6035
8.211.194.85,144
206.123.156.233,10239
116.106.109.225,1080
206.123.156.238,10363
206.123.156.218,5743
206.123.156.233,4128
206.123.156.236,4598
23.26.125.56,40000
66.135.227.178,4145
109.160.97.49,4145
45.56.73.134,8080
160.30.83.10,82
146.56.110.131,8118
206.123.156.233,10134
206.123.156.211,6960
200.41.60.33,4153
103.187.162.75,8085
206.123.156.222,4105
91.186.213.124,1081
27.75.156.253,1080
206.123.156.227,4199
147.45.145.247,1080
164.52.192.156,80
200.9.155.143,1080
46.8.19.27,8443
154.79.242.178,10801
203.25.208.163,1100
52.34.243.150,8080
166.88.224.22,5920
8.209.96.245,9098
103.159.46.2,83
150.136.163.51,80
206.123.156.223,4029
172.105.107.223,3128
206.123.156.223,4522
206.123.156.211,19182
103.159.249.145,8080
8.221.139.222,443
82.114.228.67,1080
106.14.104.22,3333
190.186.18.161,999
8.213.215.187,202
209.14.113.2,999
181.225.63.0,999
163.172.131.178,16379
103.126.87.112,1285
103.253.153.22,32650
218.75.69.50,56430
160.22.17.4,9988
161.49.100.131,1080
8.210.17.35,8080
206.123.156.206,9128
206.123.156.233,5558
103.174.145.46,84
103.149.75.82,1080
206.42.59.67,33333
202.58.77.112,8080
103.160.12.138,4145
12.218.209.130,53281
208.102.51.6,58208
147.231.163.133,80
206.123.156.206,9865
47.74.46.81,8081
98.162.25.16,4145
104.194.146.9,80
103.58.16.106,4145
78.63.115.20,8899
91.124.253.128,6488
138.186.63.138,80
182.23.35.242,8080
206.123.156.235,8754
206.123.156.221,8644
5.59.248.134,8081
173.212.245.45,41162
5.129.218.102,1081
187.72.215.33,3128
206.123.156.233,10626
103.179.46.49,6789
206.123.156.219,9880
165.225.72.38,12080
188.235.107.47,1080
92.241.87.14,5678
193.25.215.182,22222
43.161.217.219,1080
130.49.218.108,1080
206.123.156.227,6697
172.237.73.24,80
213.19.205.18,54321
172.236.14.204,1080
174.77.111.196,4145
38.127.179.133,37234
72.206.74.126,4145
194.87.31.221,2000
183.89.139.38,4153
41.73.253.234,4145
45.115.1.14,5678
138.197.68.35,4857
165.225.72.38,10705
163.172.132.238,16379
31.214.171.62,3128
213.171.15.146,1080
8.211.49.86,2002
49.0.156.20,32000
88.204.216.142,33156
190.249.169.153,3629
14.46.231.109,8001
177.93.49.174,8888
206.123.156.224,9297
176.124.202.45,1080
206.123.156.222,9188
103.168.47.12,33333
103.187.38.38,1080
185.218.125.70,80
88.87.95.143,5948
206.123.156.234,12014
47.250.56.98,19190
206.123.156.212,9229
103.81.114.182,4145
24.75.156.114,3366
68.71.242.118,4145
179.1.48.37,8080
206.123.156.223,4434
209.182.234.151,40000
206.123.156.223,4202
77.235.23.130,5678
47.254.36.213,20
206.123.156.224,7775
155.50.249.247,3128
37.191.78.17,7070
41.223.234.116,37259
206.123.156.218,9807
142.248.80.110,1080
154.83.140.184,52123
170.247.43.142,32812
102.39.133.233,1080
61.178.99.43,7302
206.123.156.227,6459
158.220.101.43,1080
85.175.219.236,1080
206.123.156.231,5195
149.129.226.9,104
138.249.246.158,1080
206.123.156.219,8449
190.43.92.249,5678
192.252.220.89,4145
34.44.49.215,80
192.252.216.81,4145
64.64.152.248,39593
86.100.63.127,4145
142.93.223.219,8080
77.241.20.215,55915
206.123.156.220,4663
202.166.219.80,4153
181.209.106.190,1080
58.235.170.51,5678
196.202.215.143,41890
185.139.68.62,443
206.123.156.211,6972
138.91.159.185,80
8.211.49.86,7777
195.211.124.250,1080
116.50.169.3,8088
212.129.54.138,3128
47.254.198.237,3128
139.162.91.253,1080
103.147.118.240,8080
106.10.55.212,1121
103.235.199.100,25566
206.123.156.235,8904
38.127.179.83,37234
136.0.118.229,6601
206.123.156.236,4386
206.123.156.234,14287
47.88.104.126,3344
47.121.129.129,3128
178.128.167.129,1080
45.150.111.32,5555
165.225.72.38,12144
62.133.62.3,1082
47.251.73.54,92
206.123.156.231,7570
72.221.196.157,35904
206.123.156.236,10187
102.211.145.161,8081
8.211.51.115,3129
206.123.156.231,11442
159.192.97.86,8080
206.123.156.211,7361
206.123.156.222,6380
213.33.126.130,80
140.227.61.201,3128
206.123.156.220,8893
206.123.156.218,7188
190.14.240.133,999
70.35.196.194,8081
47.243.92.199,3128
168.197.182.222,8080
47.238.128.246,4145
152.70.241.59,1080
103.42.228.19,1080
103.247.22.88,4317
113.176.118.255,7654
206.123.156.219,4144
8.221.138.111,6379
206.123.156.238,10196
206.123.156.227,4382
104.143.224.120,5981
98.181.137.80,4145
151.80.33.14,9050
119.15.84.74,8080
43.240.83.70,8080
206.123.156.211,6257
138.118.104.122,999
89.116.78.69,5680
181.78.44.63,999
45.43.64.44,6302
206.123.156.233,4704
165.225.72.38,11737
143.42.66.91,80
206.123.156.211,10616
46.107.230.122,1080
47.91.89.3,11
198.105.100.51,6302
192.81.128.182,8089
81.16.113.168,8080
94.72.57.157,8080
64.225.8.115,9994
206.123.156.219,4086
47.90.149.238,8081
38.51.232.19,8080
216.68.128.121,4145
181.119.84.218,8080
119.148.23.210,9990
131.196.191.251,9876
206.123.156.230,7608
192.99.244.173,15590
190.136.50.67,3128
185.125.203.248,1080
213.169.211.179,6320
103.242.119.88,80
142.93.195.158,80
156.200.116.71,1976
216.10.27.82,6760
46.160.90.81,5678
68.71.245.206,4145
34.124.190.108,8080
103.3.59.208,8080
5.23.104.251,1080
213.176.113.24,50001
217.66.207.3,33333
85.17.61.80,9050
206.123.156.210,7210
31.59.15.78,6345
98.162.96.52,4145
103.122.60.229,8080
206.123.156.211,11658
206.123.156.209,4114
5.188.64.79,5678
47.76.144.139,3129
202.131.246.250,5678
8.213.134.213,1111
196.25.34.194,8080
181.13.198.90,4153
47.251.87.74,84
181.129.182.138,5678
196.47.63.65,8080
92.119.74.49,5678
5.255.123.162,1080
178.33.162.89,58574
106.245.183.58,4145
104.233.26.186,6024
206.123.156.225,4146
144.31.104.86,1080
182.52.63.95,4153
43.129.249.83,8888
37.44.219.151,6116
87.255.249.100,1080
45.67.138.212,1080
186.219.96.12,52017
176.120.32.135,5678
8.211.51.115,8443
85.116.120.106,3629
206.123.156.231,5801
49.167.236.96,1080
206.123.156.210,5761
64.225.42.129,3005
104.143.226.205,5808
206.123.156.222,9413
206.123.156.238,8548
197.248.75.221,8104
101.91.242.198,6688
139.5.155.245,57412
206.123.156.221,6018
16.79.161.32,8080
206.123.156.213,5053
104.200.21.190,8080
38.10.90.118,8084
187.19.127.246,8011
190.104.26.227,33638
206.123.156.234,11512
149.202.75.85,36666
94.198.218.123,3128
173.208.239.42,17009
104.232.209.8,5966
206.123.156.224,4665
198.105.111.108,6786
8.216.32.38,1080
144.91.95.238,58237
47.91.121.127,3128
206.123.156.223,4173
206.123.156.211,5269
23.27.93.145,5724
206.123.156.220,4111
206.123.156.224,4738
206.123.156.231,4903
203.189.159.241,1080
206.123.156.227,6734
206.123.156.222,5824
200.69.83.203,999
98.175.31.222,4145
191.101.1.116,80
193.233.199.21,1080
196.1.97.198,80
8.211.195.139,8000
105.234.148.210,35010
206.123.156.206,4271
45.59.122.132,80
98.178.72.30,4145
193.124.64.142,1080
167.71.5.83,3128
103.191.165.45,1080
101.109.245.200,4153
78.111.112.118,4145
206.123.156.222,5578
67.227.36.122,6164
72.195.34.59,4145
31.15.169.77,808
103.165.157.239,8090
47.238.134.126,9080
206.123.156.211,10500
137.66.30.33,1080
65.21.137.237,9050
206.123.156.211,13587
149.50.231.164,8085
202.142.159.204,31026
190.97.226.44,999
169.155.50.87,1080
206.123.156.233,10653
116.203.27.109,80
43.161.239.147,8888
65.109.230.25,8080
206.123.156.211,7417
196.204.83.233,1981
206.123.156.231,5821
37.187.74.125,80
109.166.207.162,3629
51.210.5.144,3129
129.213.162.27,17777
8.211.195.173,4145
206.123.156.210,13536
72.56.106.48,1080
94.247.241.70,51006
8.220.205.172,11443
31.58.18.25,6294
47.76.144.139,59394
62.133.62.3,1081
37.128.107.102,4145
98.170.57.241,4145
3.211.120.181,443
206.123.156.224,9925
12.218.209.130,13326
103.174.178.145,2005
91.121.48.221,38711
8.211.49.86,3128
162.216.204.146,1080
137.184.211.63,8081
206.123.156.235,8787
8.210.17.35,8444
50.114.15.135,6120
104.154.186.48,80
41.79.10.218,4673
123.253.137.3,8080
8.211.42.167,3128
34.84.162.206,38081
115.127.106.226,1088
41.59.90.171,80
8.213.195.191,8081
147.189.139.137,60001
206.123.156.227,11991
206.123.156.230,9274
206.123.156.238,6290
206.123.156.227,8895
94.158.53.145,3128
197.221.240.240,80
103.127.204.116,27416
103.142.69.169,8885
190.60.60.37,8080
8.211.195.173,6379
206.123.156.220,7948
206.123.156.231,10796
161.123.115.198,5219
31.25.236.95,1080
206.123.156.223,6537
199.189.249.175,8080
136.0.194.191,6928
206.123.156.222,6772
197.221.240.247,80
165.225.72.38,11847
128.199.202.122,8080
47.116.126.57,10000
177.125.210.246,8080
103.169.189.125,3125
206.123.156.211,19989
118.172.47.97,51327
103.216.49.229,33333
190.238.231.65,1994
45.61.122.62,6354
100.1.53.24,5678
162.240.75.37,80
103.169.254.155,1080
122.252.179.66,5678
118.70.211.121,60606
8.137.38.48,4000
206.123.156.221,6143
185.226.207.87,5636
206.123.156.220,4047
206.123.156.211,5864
115.248.66.131,3129
138.2.68.129,3128
162.220.247.170,6765
202.55.175.237,1080
206.123.156.220,9372
85.234.100.149,1080
183.162.197.197,8060
78.135.93.101,3128
85.117.239.113,3128
206.123.156.224,10171
206.123.156.231,4896
89.148.196.156,1080
190.60.57.43,3128
163.172.171.22,16379
78.39.253.48,8080
206.123.156.227,9890
81.90.29.194,10808
159.224.232.194,8888
31.172.133.253,4153
187.62.65.4,8080
192.252.214.17,4145
206.123.156.223,4784
206.123.156.227,4537
206.123.156.227,5596
43.165.179.193,8118
5.133.96.148,4153
103.129.127.244,8088
206.123.156.220,4577
206.123.156.231,9713
67.201.35.145,4145
8.213.128.6,9091
191.102.82.83,4153
206.123.156.222,6717
150.241.75.126,18080
206.123.156.209,4047
198.23.239.40,6446
47.89.159.212,8123
194.233.88.202,12187
67.201.59.70,4145
206.123.156.234,8005
104.239.13.163,6792
184.174.43.24,6564
161.123.115.197,5218
117.216.46.148,1080
206.123.156.234,15280
206.123.156.236,4028
103.138.123.65,8090
159.69.31.188,40424
82.22.235.87,6893
206.123.156.238,7949
170.239.207.241,999
206.123.156.223,5138
190.225.164.15,33333
103.106.236.200,5678
212.47.232.28,80
47.90.149.238,9050
186.235.123.3,8080
206.123.156.238,22870
140.235.38.36,50161
72.207.33.64,4145
218.78.65.202,6688
187.77.156.136,1080
206.123.156.218,10579
149.78.206.146,3600
8.215.3.250,8081
159.65.230.46,8888
178.212.144.7,80
206.123.156.231,15455
186.96.97.202,999
206.123.156.213,5678
208.109.32.60,81
206.123.156.227,6851
82.210.56.251,80
27.154.57.94,10800
206.123.156.219,8243
107.175.119.196,6724
45.43.81.80,5727
103.227.186.61,6080
104.248.158.27,25100
165.225.72.38,11710
8.210.17.35,8445
206.123.156.213,5225
206.123.156.232,4204
206.123.156.227,10563
75.81.166.118,39593
103.174.178.131,1020
198.105.122.50,6623
185.196.61.251,8081
142.54.228.193,4145
103.156.16.235,8818
186.215.68.51,3127
199.66.157.41,8080
182.160.103.73,12331
206.123.156.223,6137
202.144.134.150,5678
175.139.200.17,4153
206.123.156.224,16932
94.232.11.178,58028
188.116.24.132,1081
165.225.72.38,12125
106.14.104.220,8081
137.184.197.190,80
5.202.120.123,3128
195.250.92.58,8080
165.225.72.38,55555
206.123.156.223,4526
206.123.156.222,10148
27.72.122.228,51067
190.54.100.74,8080
165.225.72.38,10519
131.100.51.134,999
88.255.65.119,8080
120.205.70.102,8060
80.92.227.185,5678
185.103.87.30,8081
206.123.156.234,4374
45.178.68.254,999
206.123.156.231,12080
23.251.62.210,10080
206.123.156.231,30287
178.156.224.42,3128
90.188.92.116,36335
103.104.142.162,8080
213.250.198.66,4145
213.131.85.27,1976
165.225.72.38,11661
179.60.191.19,8080
8.213.222.157,5060
31.57.85.124,5810
35.194.228.247,3128
165.225.72.38,12140
8.211.194.78,81
187.188.58.173,4153
104.36.236.101,8080
38.127.172.116,37234
45.136.244.245,44531
179.40.75.1,61362
198.8.94.174,39078
39.102.213.3,8888
8.220.205.172,4002
176.37.21.46,41890
103.74.144.57,83
182.16.240.49,30617
206.123.156.210,10119
206.123.156.223,8277
184.178.172.17,4145
206.123.156.223,6084
8.221.141.88,8081
31.56.137.33,6109
199.38.246.253,4444
85.214.204.79,80
181.143.143.125,999
166.88.85.89,6169
191.33.83.84,4153
16.163.88.228,80
135.136.188.42,1080
201.182.251.140,999
45.156.223.55,3128
64.20.43.89,1080
206.123.156.230,9380
212.252.73.120,8080
130.61.179.77,1234
45.32.119.194,9000
185.226.204.180,5733
206.123.156.222,4885
127.0.0.7,80
195.154.84.47,3128
118.97.107.65,5430
206.123.156.220,11452
184.174.25.238,6127
178.208.88.28,1080
62.133.62.184,1081
184.181.217.210,4145
206.123.156.223,6114
68.71.252.38,4145
8.211.51.115,144
181.233.100.100,8080
142.147.132.44,6239
213.6.68.210,4145
38.127.179.107,37234
165.225.72.38,10902
24.199.113.242,443
206.123.156.211,13818
49.156.38.126,5678
138.68.24.185,58170
206.123.156.233,7336
206.123.156.230,4873
181.214.39.72,5719
206.123.156.234,8448
135.125.154.108,8899
93.113.63.11,3128
179.96.251.161,5678
103.209.36.58,8080
219.249.37.107,8382
103.130.106.113,84
182.48.78.141,8008
120.50.13.41,40308
49.229.36.211,4153
102.129.170.227,37234
206.123.156.232,5342
103.18.47.79,4145
206.123.156.225,7682
83.126.54.155,8080
184.181.217.201,4145
103.119.63.144,8080
206.123.156.231,21087
206.123.156.222,13267
66.42.224.229,41679
66.231.77.61,999
51.15.133.214,16379
8.221.141.88,80
162.253.68.97,4145
185.226.204.70,5623
72.207.109.5,4145
119.13.101.101,1080
213.6.38.50,59422
103.234.31.254,8080
50.250.75.153,39593
206.123.156.212,6666
1.180.49.222,7302
103.54.57.117,50460
185.161.251.195,3128
8.218.227.241,12366
206.123.156.219,17065
192.111.139.163,19404
61.184.189.124,10800
